time,mouseX,mouseY,mouseClickAmount,uuid,uuidType,fps,drawCalls,entities,pointAmount,linesAmount,polyAmount,pointsAmount,voronoiTime,delaunayTime,M
0.000513378,243,165,0,0,-1,35048.4,0,0,0,0,0,0,0,0,0
0.00382277,243,165,0,0,-1,286.121,0,0,0,0,0,0,0,0,0
0.00576134,243,165,0,0,-1,614.835,0,0,0,0,0,0,0,0,0
0.00862425,243,165,0,0,-1,359.444,0,0,0,0,0,0,0,0,0
0.0110101,243,165,0,0,-1,416.052,0,0,0,0,0,0,0,0,0
0.0135204,243,165,0,0,-1,428.766,0,0,0,0,0,0,0,0,0
0.0154772,243,165,0,0,-1,484.489,0,0,0,0,0,0,0,0,0
0.0174356,243,165,0,0,-1,517.52,0,0,0,0,0,0,0,0,0
0.0192303,243,165,0,0,-1,564.559,0,0,0,0,0,0,0,0,0
0.0209785,243,165,0,0,-1,570.852,0,0,0,0,0,0,0,0,0
0.0226012,243,165,0,0,-1,580.674,0,0,0,0,0,0,0,0,0
0.0245082,243,165,0,0,-1,559.465,0,0,0,0,0,0,0,0,0
0.0262683,243,165,0,0,-1,570.828,0,0,0,0,0,0,0,0,0
0.028069,243,165,0,0,-1,545.827,0,0,0,0,0,0,0,0,0
0.0296837,243,165,0,0,-1,594.057,0,0,0,0,0,0,0,0,0
0.0316016,243,165,0,0,-1,553.073,0,0,0,0,0,0,0,0,0
0.0333842,243,165,0,0,-1,555.504,0,0,0,0,0,0,0,0,0
0.0351739,243,165,0,0,-1,562.626,0,0,0,0,0,0,0,0,0
0.0368838,243,165,0,0,-1,560.357,0,0,0,0,0,0,0,0,0
0.0387624,243,165,0,0,-1,535.277,0,0,0,0,0,0,0,0,0
0.0403768,243,165,0,0,-1,591.619,0,0,0,0,0,0,0,0,0
0.0423095,243,165,0,0,-1,551.183,0,0,0,0,0,0,0,0,0
0.0440229,243,165,0,0,-1,563.493,0,0,0,0,0,0,0,0,0
0.0458592,243,165,0,0,-1,556.365,0,0,0,0,0,0,0,0,0
0.0475044,243,165,0,0,-1,592.128,0,0,0,0,0,0,0,0,0
0.0493576,243,165,0,0,-1,567.496,0,0,0,0,0,0,0,0,0
0.0510908,243,165,0,0,-1,553.989,0,0,0,0,0,0,0,0,0
0.0529359,243,165,0,0,-1,564.023,0,0,0,0,0,0,0,0,0
0.0546579,243,165,0,0,-1,561.261,0,0,0,0,0,0,0,0,0
0.0564415,243,165,0,0,-1,574.849,0,0,0,0,0,0,0,0,0
0.0582356,243,165,0,0,-1,556.552,0,0,0,0,0,0,0,0,0
0.0600303,243,165,0,0,-1,560.266,0,0,0,0,0,0,0,0,0
0.0617827,243,165,0,0,-1,555.049,0,0,0,0,0,0,0,0,0
0.0635612,243,165,0,0,-1,578.52,0,0,0,0,0,0,0,0,0
0.0652998,243,165,0,0,-1,570.188,0,0,0,0,0,0,0,0,0
0.0671268,243,165,0,0,-1,547.826,0,0,0,0,0,0,0,0,0
0.0688662,243,165,0,0,-1,557.76,0,0,0,0,0,0,0,0,0
0.0706399,243,165,0,0,-1,564.87,0,0,0,0,0,0,0,0,0
0.0724147,243,165,0,0,-1,576.954,0,0,0,0,0,0,0,0,0
0.0742084,243,165,0,0,-1,554.389,0,0,0,0,0,0,0,0,0
0.0759647,243,165,0,0,-1,563.086,0,0,0,0,0,0,0,0,0
0.077733,243,165,0,0,-1,557.532,0,0,0,0,0,0,0,0,0
0.0794629,243,165,0,0,-1,584.72,0,0,0,0,0,0,0,0,0
0.0813129,243,165,0,0,-1,568.19,0,0,0,0,0,0,0,0,0
0.0830851,243,165,0,0,-1,554.173,0,0,0,0,0,0,0,0,0
0.0847063,243,165,0,0,-1,574.91,0,0,0,0,0,0,0,0,0
0.0865427,243,165,0,0,-1,583.856,0,0,0,0,0,0,0,0,0
0.0883068,243,165,0,0,-1,567.276,0,0,0,0,0,0,0,0,0
0.090098,243,165,0,0,-1,558.286,0,0,0,0,0,0,0,0,0
0.0918814,243,165,0,0,-1,554.877,0,0,0,0,0,0,0,0,0
0.0936391,243,165,0,0,-1,567.332,0,0,0,0,0,0,0,0,0
0.0954047,243,165,0,0,-1,574.721,0,0,0,0,0,0,0,0,0
0.0971991,243,165,0,0,-1,550.277,0,0,0,0,0,0,0,0,0
0.098831,243,165,0,0,-1,588.689,0,0,0,0,0,0,0,0,0
0.10061,243,165,0,0,-1,577.995,0,0,0,0,0,0,0,0,0
0.102396,243,165,0,0,-1,555.329,0,0,0,0,0,0,0,0,0
0.104276,243,165,0,0,-1,511.56,0,0,0,0,0,0,0,0,0
0.106005,243,165,0,0,-1,590.437,0,0,0,0,0,0,0,0,0
0.107729,243,165,0,0,-1,574.321,0,0,0,0,0,0,0,0,0
0.109473,243,165,0,0,-1,588.454,0,0,0,0,0,0,0,0,0
0.111316,243,165,0,0,-1,568.262,0,0,0,0,0,0,0,0,0
0.113016,243,165,0,0,-1,565.186,0,0,0,0,0,0,0,0,0
0.114879,243,165,0,0,-1,548.28,0,0,0,0,0,0,0,0,0
0.116519,243,165,0,0,-1,594.988,0,0,0,0,0,0,0,0,0
0.118356,243,165,0,0,-1,561.968,0,0,0,0,0,0,0,0,0
0.120121,243,165,0,0,-1,547.986,0,0,0,0,0,0,0,0,0
0.121909,243,165,0,0,-1,566.727,0,0,0,0,0,0,0,0,0
0.123607,243,165,0,0,-1,570.967,0,0,0,0,0,0,0,0,0
0.125425,243,165,0,0,-1,566.424,0,0,0,0,0,0,0,0,0
0.127162,243,165,0,0,-1,568.186,0,0,0,0,0,0,0,0,0
0.128948,243,165,0,0,-1,563.63,0,0,0,0,0,0,0,0,0
0.130704,243,165,0,0,-1,553.51,0,0,0,0,0,0,0,0,0
0.132489,243,165,0,0,-1,581.36,0,0,0,0,0,0,0,0,0
0.13427,243,165,0,0,-1,553.751,0,0,0,0,0,0,0,0,0
0.136044,243,165,0,0,-1,571.69,0,0,0,0,0,0,0,0,0
0.137811,243,165,0,0,-1,558.592,0,0,0,0,0,0,0,0,0
0.139453,243,165,0,0,-1,591.8,0,0,0,0,0,0,0,0,0
0.141355,243,165,0,0,-1,559.369,0,0,0,0,0,0,0,0,0
0.143084,243,165,0,0,-1,554.54,0,0,0,0,0,0,0,0,0
0.144921,243,165,0,0,-1,554.634,0,0,0,0,0,0,0,0,0
0.146645,243,165,0,0,-1,583.677,0,0,0,0,0,0,0,0,0
0.148437,243,165,0,0,-1,565.17,0,0,0,0,0,0,0,0,0
0.150229,243,165,0,0,-1,555.976,0,0,0,0,0,0,0,0,0
0.151885,243,165,0,0,-1,597.018,0,0,0,0,0,0,0,0,0
0.153796,243,165,0,0,-1,511.339,0,0,0,0,0,0,0,0,0
0.155423,243,165,0,0,-1,590.26,0,0,0,0,0,0,0,0,0
0.157315,243,165,0,0,-1,570.913,0,0,0,0,0,0,0,0,0
0.159032,243,165,0,0,-1,551.964,0,0,0,0,0,0,0,0,0
0.160871,243,165,0,0,-1,562.425,0,0,0,0,0,0,0,0,0
0.162497,243,165,0,0,-1,588.406,0,0,0,0,0,0,0,0,0
0.164357,243,165,0,0,-1,561.619,0,0,0,0,0,0,0,0,0
0.166147,243,165,0,0,-1,551.189,0,0,0,0,0,0,0,0,0
0.167883,243,165,0,0,-1,565.887,0,0,0,0,0,0,0,0,0
0.169728,243,165,0,0,-1,557.002,0,0,0,0,0,0,0,0,0
0.171385,243,165,0,0,-1,586.375,0,0,0,0,0,0,0,0,0
0.173284,243,165,0,0,-1,555.732,0,0,0,0,0,0,0,0,0
0.174992,243,165,0,0,-1,557.492,0,0,0,0,0,0,0,0,0
0.176762,243,165,0,0,-1,570.223,0,0,0,0,0,0,0,0,0
0.178436,243,165,0,0,-1,587.176,0,0,0,0,0,0,0,0,0
0.180311,243,165,0,0,-1,560.701,0,0,0,0,0,0,0,0,0
0.182109,243,165,0,0,-1,540.508,0,0,0,0,0,0,0,0,0
0.18382,243,165,0,0,-1,557.578,0,0,0,0,0,0,0,0,0
0.185654,243,165,0,0,-1,545.145,0,0,0,0,0,0,0,0,0
0.187577,243,165,0,0,-1,548.237,0,0,0,0,0,0,0,0,0
0.189347,243,165,0,0,-1,551.847,0,0,0,0,0,0,0,0,0
0.191134,243,165,0,0,-1,563.581,0,0,0,0,0,0,0,0,0
0.192754,243,165,0,0,-1,591.721,0,0,0,0,0,0,0,0,0
0.194768,243,165,0,0,-1,533.093,0,0,0,0,0,0,0,0,0
0.196896,243,165,0,0,-1,478.791,0,0,0,0,0,0,0,0,0
0.198919,243,165,0,0,-1,494.846,0,0,0,0,0,0,0,0,0
0.200929,243,165,0,0,-1,483.657,0,0,0,0,0,0,0,0,0
0.204764,243,165,0,0,-1,502.639,0,0,0,0,0,0,0,0,0
0.205825,243,165,0,0,-1,308.589,0,0,0,0,0,0,0,0,0
0.207525,243,165,0,0,-1,712.832,0,0,0,0,0,0,0,0,0
0.209338,243,165,0,0,-1,561.94,0,0,0,0,0,0,0,0,0
0.211095,243,165,0,0,-1,554.239,0,0,0,0,0,0,0,0,0
0.212833,243,165,0,0,-1,572.079,0,0,0,0,0,0,0,0,0
0.21463,243,165,0,0,-1,590.266,0,0,0,0,0,0,0,0,0
0.216394,243,165,0,0,-1,563.133,0,0,0,0,0,0,0,0,0
0.218051,243,165,0,0,-1,574.8,0,0,0,0,0,0,0,0,0
0.219958,243,165,0,0,-1,557.382,0,0,0,0,0,0,0,0,0
0.22164,243,165,0,0,-1,549.567,0,0,0,0,0,0,0,0,0
0.223453,243,165,0,0,-1,597.646,0,0,0,0,0,0,0,0,0
0.225201,243,165,0,0,-1,550.3,0,0,0,0,0,0,0,0,0
0.226889,243,165,0,0,-1,595.654,0,0,0,0,0,0,0,0,0
0.228712,243,165,0,0,-1,511.274,0,0,0,0,0,0,0,0,0
0.230423,243,165,0,0,-1,598.776,0,0,0,0,0,0,0,0,0
0.232306,243,165,0,0,-1,554.745,0,0,0,0,0,0,0,0,0
0.233922,243,165,0,0,-1,589.96,0,0,0,0,0,0,0,0,0
0.23582,243,165,0,0,-1,519.286,0,0,0,0,0,0,0,0,0
0.237536,243,165,0,0,-1,598.405,0,0,0,0,0,0,0,0,0
0.239328,243,165,0,0,-1,568.079,0,0,0,0,0,0,0,0,0
0.241062,243,165,0,0,-1,561.661,0,0,0,0,0,0,0,0,0
0.24274,243,165,0,0,-1,600.606,0,0,0,0,0,0,0,0,0
0.244559,243,165,0,0,-1,548.023,0,0,0,0,0,0,0,0,0
0.246352,243,165,0,0,-1,564.363,0,0,0,0,0,0,0,0,0
0.248182,243,165,0,0,-1,558.436,0,0,0,0,0,0,0,0,0
0.249903,243,165,0,0,-1,562.976,0,0,0,0,0,0,0,0,0
0.25159,243,165,0,0,-1,622.14,0,0,0,0,0,0,0,0,0
0.253341,243,165,0,0,-1,561.569,0,0,0,0,0,0,0,0,0
0.255085,243,165,0,0,-1,581.602,0,0,0,0,0,0,0,0,0
0.256795,243,165,0,0,-1,566.967,0,0,0,0,0,0,0,0,0
0.258482,243,165,0,0,-1,612.26,0,0,0,0,0,0,0,0,0
0.26029,243,165,0,0,-1,556.58,0,0,0,0,0,0,0,0,0
0.261984,243,165,0,0,-1,571.721,0,0,0,0,0,0,0,0,0
0.263686,243,165,0,0,-1,585.6,0,0,0,0,0,0,0,0,0
0.265438,243,165,0,0,-1,566.357,0,0,0,0,0,0,0,0,0
0.26725,243,165,0,0,-1,558.851,0,0,0,0,0,0,0,0,0
0.268923,243,165,0,0,-1,590.073,0,0,0,0,0,0,0,0,0
0.27062,243,165,0,0,-1,607.936,0,0,0,0,0,0,0,0,0
0.272382,243,165,0,0,-1,554.036,0,0,0,0,0,0,0,0,0
0.274105,243,165,0,0,-1,574.774,0,0,0,0,0,0,0,0,0
0.27577,243,165,0,0,-1,590.175,0,0,0,0,0,0,0,0,0
0.277592,243,165,0,0,-1,537.446,0,0,0,0,0,0,0,0,0
0.279326,243,165,0,0,-1,595.669,0,0,0,0,0,0,0,0,0
0.281077,243,165,0,0,-1,570.475,0,0,0,0,0,0,0,0,0
0.282803,243,165,0,0,-1,568.891,0,0,0,0,0,0,0,0,0
0.284509,243,165,0,0,-1,603.067,0,0,0,0,0,0,0,0,0
0.28624,243,165,0,0,-1,591.807,0,0,0,0,0,0,0,0,0
0.287966,243,165,0,0,-1,574.499,0,0,0,0,0,0,0,0,0
0.289786,243,165,0,0,-1,609.502,0,0,0,0,0,0,0,0,0
0.291564,243,165,0,0,-1,505.805,0,0,0,0,0,0,0,0,0
0.293393,243,165,0,0,-1,559.79,0,0,0,0,0,0,0,0,0
0.29521,243,165,0,0,-1,537.779,0,0,0,0,0,0,0,0,0
0.297028,243,165,0,0,-1,577.891,0,0,0,0,0,0,0,0,0
0.298706,243,165,0,0,-1,543.205,0,0,0,0,0,0,0,0,0
0.300467,243,165,0,0,-1,623.432,0,0,0,0,0,0,0,0,0
0.30223,243,165,0,0,-1,543.001,0,0,0,0,0,0,0,0,0
0.303979,243,165,0,0,-1,569.522,0,0,0,0,0,0,0,0,0
0.305645,243,165,0,0,-1,615.786,0,0,0,0,0,0,0,0,0
0.307462,243,165,0,0,-1,534.165,0,0,0,0,0,0,0,0,0
0.30919,243,165,0,0,-1,596.277,0,0,0,0,0,0,0,0,0
0.310952,243,165,0,0,-1,552.473,0,0,0,0,0,0,0,0,0
0.312629,243,165,0,0,-1,614.79,0,0,0,0,0,0,0,0,0
0.314438,243,165,0,0,-1,556.177,0,0,0,0,0,0,0,0,0
0.31615,243,165,0,0,-1,555.865,0,0,0,0,0,0,0,0,0
0.317811,243,165,0,0,-1,606.782,0,0,0,0,0,0,0,0,0
0.319616,243,165,0,0,-1,590.37,0,0,0,0,0,0,0,0,0
0.321334,243,165,0,0,-1,581.199,0,0,0,0,0,0,0,0,0
0.323149,243,165,0,0,-1,546.155,0,0,0,0,0,0,0,0,0
0.324821,243,165,0,0,-1,571.842,0,0,0,0,0,0,0,0,0
0.326578,243,165,0,0,-1,570.252,0,0,0,0,0,0,0,0,0
0.328259,243,165,0,0,-1,624.311,0,0,0,0,0,0,0,0,0
0.33004,243,165,0,0,-1,565.556,0,0,0,0,0,0,0,0,0
0.331683,243,165,0,0,-1,579,0,0,0,0,0,0,0,0,0
0.333452,243,165,0,0,-1,593.616,0,0,0,0,0,0,0,0,0
0.335173,243,165,0,0,-1,582.28,0,0,0,0,0,0,0,0,0
0.336774,243,165,0,0,-1,584.753,0,0,0,0,0,0,0,0,0
0.338586,243,165,0,0,-1,589.511,0,0,0,0,0,0,0,0,0
0.340331,243,165,0,0,-1,578.636,0,0,0,0,0,0,0,0,0
0.341988,243,165,0,0,-1,568.698,0,0,0,0,0,0,0,0,0
0.343797,243,165,0,0,-1,568.733,0,0,0,0,0,0,0,0,0
0.345479,243,165,0,0,-1,585.178,0,0,0,0,0,0,0,0,0
0.347127,243,165,0,0,-1,590.953,0,0,0,0,0,0,0,0,0
0.348905,243,165,0,0,-1,579.969,0,0,0,0,0,0,0,0,0
0.350588,243,165,0,0,-1,588.523,0,0,0,0,0,0,0,0,0
0.352279,243,165,0,0,-1,609.879,0,0,0,0,0,0,0,0,0
0.354026,243,165,0,0,-1,566.468,0,0,0,0,0,0,0,0,0
0.355711,243,165,0,0,-1,584.36,0,0,0,0,0,0,0,0,0
0.357371,243,165,0,0,-1,596.872,0,0,0,0,0,0,0,0,0
0.359174,243,165,0,0,-1,560.293,0,0,0,0,0,0,0,0,0
0.361083,243,165,0,0,-1,520.334,0,0,0,0,0,0,0,0,0
0.363058,243,165,0,0,-1,531.122,0,0,0,0,0,0,0,0,0
0.364795,243,165,0,0,-1,551.947,0,0,0,0,0,0,0,0,0
0.366512,243,165,0,0,-1,603.23,0,0,0,0,0,0,0,0,0
0.368203,243,165,0,0,-1,569.63,0,0,0,0,0,0,0,0,0
0.369991,243,165,0,0,-1,580.366,0,0,0,0,0,0,0,0,0
0.371603,243,165,0,0,-1,591.795,0,0,0,0,0,0,0,0,0
0.373386,243,165,0,0,-1,574.356,0,0,0,0,0,0,0,0,0
0.375119,243,165,0,0,-1,583.134,0,0,0,0,0,0,0,0,0
0.376766,243,165,0,0,-1,587.763,0,0,0,0,0,0,0,0,0
0.378598,243,165,0,0,-1,556.71,0,0,0,0,0,0,0,0,0
0.380276,243,165,0,0,-1,589.3,0,0,0,0,0,0,0,0,0
0.381966,243,165,0,0,-1,583.381,0,0,0,0,0,0,0,0,0
0.383739,243,165,0,0,-1,572.556,0,0,0,0,0,0,0,0,0
0.385346,243,165,0,0,-1,621.323,0,0,0,0,0,0,0,0,0
0.387175,243,165,0,0,-1,552.164,0,0,0,0,0,0,0,0,0
0.388783,243,165,0,0,-1,583.088,0,0,0,0,0,0,0,0,0
0.390571,243,165,0,0,-1,588.438,0,0,0,0,0,0,0,0,0
0.392209,243,165,0,0,-1,586.888,0,0,0,0,0,0,0,0,0
0.393987,243,165,0,0,-1,576.902,0,0,0,0,0,0,0,0,0
0.395651,243,165,0,0,-1,575.198,0,0,0,0,0,0,0,0,0
0.397466,243,165,0,0,-1,577.73,0,0,0,0,0,0,0,0,0
0.399157,243,165,0,0,-1,597.616,0,0,0,0,0,0,0,0,0
0.400939,243,165,0,0,-1,565.354,0,0,0,0,0,0,0,0,0
0.402682,243,165,0,0,-1,556.138,0,0,0,0,0,0,0,0,0
0.404463,243,165,0,0,-1,586.562,0,0,0,0,0,0,0,0,0
0.40618,243,165,0,0,-1,558.594,0,0,0,0,0,0,0,0,0
0.407943,243,165,0,0,-1,565.973,0,0,0,0,0,0,0,0,0
0.409524,243,165,0,0,-1,608.152,0,0,0,0,0,0,0,0,0
0.411416,243,165,0,0,-1,574.213,0,0,0,0,0,0,0,0,0
0.413105,243,165,0,0,-1,568.726,0,0,0,0,0,0,0,0,0
0.414736,243,165,0,0,-1,591.124,0,0,0,0,0,0,0,0,0
0.416389,243,165,0,0,-1,618.011,0,0,0,0,0,0,0,0,0
0.418001,243,165,0,0,-1,644.253,0,0,0,0,0,0,0,0,0
0.419722,243,165,0,0,-1,559.173,0,0,0,0,0,0,0,0,0
0.421406,243,165,0,0,-1,600.807,0,0,0,0,0,0,0,0,0
0.423166,243,165,0,0,-1,578.738,0,0,0,0,0,0,0,0,0
0.424773,243,165,0,0,-1,584.208,0,0,0,0,0,0,0,0,0
0.426397,243,165,0,0,-1,645.383,0,0,0,0,0,0,0,0,0
0.428189,243,165,0,0,-1,561.106,0,0,0,0,0,0,0,0,0
0.429826,243,165,0,0,-1,587.517,0,0,0,0,0,0,0,0,0
0.43154,243,165,0,0,-1,606.144,0,0,0,0,0,0,0,0,0
0.433226,243,165,0,0,-1,599.586,0,0,0,0,0,0,0,0,0
0.434869,243,165,0,0,-1,582.154,0,0,0,0,0,0,0,0,0
0.436547,243,165,0,0,-1,618.767,0,0,0,0,0,0,0,0,0
0.438267,243,165,0,0,-1,587.11,0,0,0,0,0,0,0,0,0
0.439883,243,165,0,0,-1,595.394,0,0,0,0,0,0,0,0,0
0.441571,243,165,0,0,-1,598.63,0,0,0,0,0,0,0,0,0
0.443266,243,165,0,0,-1,600.002,0,0,0,0,0,0,0,0,0
0.444884,243,165,0,0,-1,595.395,0,0,0,0,0,0,0,0,0
0.446625,243,165,0,0,-1,599.11,0,0,0,0,0,0,0,0,0
0.44824,243,165,0,0,-1,603.689,0,0,0,0,0,0,0,0,0
0.449896,243,165,0,0,-1,609.316,0,0,0,0,0,0,0,0,0
0.45157,243,165,0,0,-1,601.964,0,0,0,0,0,0,0,0,0
0.453309,243,165,0,0,-1,585.61,0,0,0,0,0,0,0,0,0
0.454924,243,165,0,0,-1,630.927,0,0,0,0,0,0,0,0,0
0.456618,243,165,0,0,-1,569.022,0,0,0,0,0,0,0,0,0
0.45838,243,165,0,0,-1,581.084,0,0,0,0,0,0,0,0,0
0.460088,243,165,0,0,-1,580.836,0,0,0,0,0,0,0,0,0
0.461699,243,165,0,0,-1,582.505,0,0,0,0,0,0,0,0,0
0.463416,243,165,0,0,-1,607.852,0,0,0,0,0,0,0,0,0
0.4652,243,165,0,0,-1,565.377,0,0,0,0,0,0,0,0,0
0.466881,243,165,0,0,-1,595.67,0,0,0,0,0,0,0,0,0
0.468481,243,165,0,0,-1,608.338,0,0,0,0,0,0,0,0,0
0.470257,243,165,0,0,-1,568.776,0,0,0,0,0,0,0,0,0
0.4719,243,165,0,0,-1,603.022,0,0,0,0,0,0,0,0,0
0.473592,243,165,0,0,-1,603.767,0,0,0,0,0,0,0,0,0
0.475211,243,165,0,0,-1,605.372,0,0,0,0,0,0,0,0,0
0.476891,243,165,0,0,-1,583.436,0,0,0,0,0,0,0,0,0
0.478552,243,165,0,0,-1,640.497,0,0,0,0,0,0,0,0,0
0.480277,243,165,0,0,-1,568.327,0,0,0,0,0,0,0,0,0
0.481873,243,165,0,0,-1,629.79,0,0,0,0,0,0,0,0,0
0.483648,243,165,0,0,-1,549.799,0,0,0,0,0,0,0,0,0
0.485302,243,165,0,0,-1,622.263,0,0,0,0,0,0,0,0,0
0.486885,243,165,0,0,-1,622.217,0,0,0,0,0,0,0,0,0
0.488584,243,165,0,0,-1,591.271,0,0,0,0,0,0,0,0,0
0.490312,243,165,0,0,-1,587.625,0,0,0,0,0,0,0,0,0
0.4919,243,165,0,0,-1,621.517,0,0,0,0,0,0,0,0,0
0.493596,243,165,0,0,-1,589.661,0,0,0,0,0,0,0,0,0
0.495255,243,165,0,0,-1,603.728,0,0,0,0,0,0,0,0,0
0.496905,243,165,0,0,-1,613.815,0,0,0,0,0,0,0,0,0
0.498594,243,165,0,0,-1,588.668,0,0,0,0,0,0,0,0,0
0.500252,243,165,0,0,-1,597.171,0,0,0,0,0,0,0,0,0
0.50188,243,165,0,0,-1,611.828,0,0,0,0,0,0,0,0,0
0.503667,243,165,0,0,-1,587.147,0,0,0,0,0,0,0,0,0
0.505358,243,165,0,0,-1,593.152,0,0,0,0,0,0,0,0,0
0.507063,243,165,0,0,-1,576.75,0,0,0,0,0,0,0,0,0
0.508778,243,165,0,0,-1,553.573,0,0,0,0,0,0,0,0,0
0.510536,243,165,0,0,-1,585.309,0,0,0,0,0,0,0,0,0
0.512264,243,165,0,0,-1,575.086,0,0,0,0,0,0,0,0,0
0.513944,243,165,0,0,-1,619.133,0,0,0,0,0,0,0,0,0
0.515646,243,165,0,0,-1,555.34,0,0,0,0,0,0,0,0,0
0.5174,243,165,0,0,-1,585.706,0,0,0,0,0,0,0,0,0
0.519152,243,165,0,0,-1,572.926,0,0,0,0,0,0,0,0,0
0.520831,243,165,0,0,-1,597.969,0,0,0,0,0,0,0,0,0
0.522598,243,165,0,0,-1,570.695,0,0,0,0,0,0,0,0,0
0.524345,243,165,0,0,-1,585.279,0,0,0,0,0,0,0,0,0
0.526072,243,165,0,0,-1,553.038,0,0,0,0,0,0,0,0,0
0.527792,243,165,0,0,-1,572.934,0,0,0,0,0,0,0,0,0
0.529521,243,165,0,0,-1,615.878,0,0,0,0,0,0,0,0,0
0.531252,243,165,0,0,-1,560.131,0,0,0,0,0,0,0,0,0
0.533003,243,165,0,0,-1,570.525,0,0,0,0,0,0,0,0,0
0.534713,243,165,0,0,-1,574.447,0,0,0,0,0,0,0,0,0
0.536454,243,165,0,0,-1,615.83,0,0,0,0,0,0,0,0,0
0.53818,243,165,0,0,-1,561.173,0,0,0,0,0,0,0,0,0
0.539917,243,165,0,0,-1,593.51,0,0,0,0,0,0,0,0,0
0.541891,243,165,0,0,-1,471.702,0,0,0,0,0,0,0,0,0
0.543417,243,165,0,0,-1,681.431,0,0,0,0,0,0,0,0,0
0.545345,243,165,0,0,-1,538.41,0,0,0,0,0,0,0,0,0
0.547054,243,165,0,0,-1,558.344,0,0,0,0,0,0,0,0,0
0.548814,243,165,0,0,-1,561.711,0,0,0,0,0,0,0,0,0
0.55032,243,165,0,0,-1,659.913,0,0,0,0,0,0,0,0,0
0.552138,243,165,0,0,-1,583.816,0,0,0,0,0,0,0,0,0
0.553683,243,165,0,0,-1,580.187,0,0,0,0,0,0,0,0,0
0.555449,243,165,0,0,-1,601.608,0,0,0,0,0,0,0,0,0
0.557043,243,165,0,0,-1,587.824,0,0,0,0,0,0,0,0,0
0.558688,243,165,0,0,-1,601.287,0,0,0,0,0,0,0,0,0
0.56029,243,165,0,0,-1,645.828,0,0,0,0,0,0,0,0,0
0.561931,243,165,0,0,-1,613.411,0,0,0,0,0,0,0,0,0
0.563425,243,165,0,0,-1,645.143,0,0,0,0,0,0,0,0,0
0.565253,243,165,0,0,-1,575.819,0,0,0,0,0,0,0,0,0
0.566642,243,165,0,0,-1,659.578,0,0,0,0,0,0,0,0,0
0.568534,243,165,0,0,-1,587.1,0,0,0,0,0,0,0,0,0
0.570006,243,165,0,0,-1,601.254,0,0,0,0,0,0,0,0,0
0.571658,243,165,0,0,-1,620.279,0,0,0,0,0,0,0,0,0
0.573256,243,165,0,0,-1,633.69,0,0,0,0,0,0,0,0,0
0.575009,243,165,0,0,-1,582.522,0,0,0,0,0,0,0,0,0
0.576564,243,165,0,0,-1,611.752,0,0,0,0,0,0,0,0,0
0.578424,243,165,0,0,-1,593.362,0,0,0,0,0,0,0,0,0
0.580044,243,165,0,0,-1,577.256,0,0,0,0,0,0,0,0,0
0.581721,243,165,0,0,-1,582.787,0,0,0,0,0,0,0,0,0
0.583469,243,165,0,0,-1,608.28,0,0,0,0,0,0,0,0,0
0.585191,243,165,0,0,-1,565.673,0,0,0,0,0,0,0,0,0
0.586872,243,165,0,0,-1,556.8,0,0,0,0,0,0,0,0,0
0.58853,243,165,0,0,-1,646.831,0,0,0,0,0,0,0,0,0
0.590333,243,165,0,0,-1,576.547,0,0,0,0,0,0,0,0,0
0.59191,243,165,0,0,-1,609.59,0,0,0,0,0,0,0,0,0
0.593592,243,165,0,0,-1,574.931,0,0,0,0,0,0,0,0,0
0.595383,243,165,0,0,-1,586.099,0,0,0,0,0,0,0,0,0
0.597124,243,165,0,0,-1,566.26,0,0,0,0,0,0,0,0,0
0.598688,243,165,0,0,-1,604.186,0,0,0,0,0,0,0,0,0
0.600525,243,165,0,0,-1,582.648,0,0,0,0,0,0,0,0,0
0.602165,243,165,0,0,-1,597.04,0,0,0,0,0,0,0,0,0
0.603825,243,165,0,0,-1,586.721,0,0,0,0,0,0,0,0,0
0.605565,243,165,0,0,-1,564.511,0,0,0,0,0,0,0,0,0
0.607225,243,165,0,0,-1,612.154,0,0,0,0,0,0,0,0,0
0.608923,243,165,0,0,-1,614,0,0,0,0,0,0,0,0,0
0.610601,243,165,0,0,-1,565.134,0,0,0,0,0,0,0,0,0
0.612408,243,165,0,0,-1,591.997,0,0,0,0,0,0,0,0,0
0.61405,243,165,0,0,-1,577.701,0,0,0,0,0,0,0,0,0
0.615733,243,165,0,0,-1,593.457,0,0,0,0,0,0,0,0,0
0.617512,243,165,0,0,-1,583.367,0,0,0,0,0,0,0,0,0
0.619135,243,165,0,0,-1,583.138,0,0,0,0,0,0,0,0,0
0.620794,243,165,0,0,-1,602.8,0,0,0,0,0,0,0,0,0
0.622474,243,165,0,0,-1,593.176,0,0,0,0,0,0,0,0,0
0.624313,243,165,0,0,-1,572.686,0,0,0,0,0,0,0,0,0
0.625899,243,165,0,0,-1,614.783,0,0,0,0,0,0,0,0,0
0.627534,243,165,0,0,-1,609.019,0,0,0,0,0,0,0,0,0
0.629302,243,165,0,0,-1,583.969,0,0,0,0,0,0,0,0,0
0.630892,243,165,0,0,-1,596.38,0,0,0,0,0,0,0,0,0
0.632586,243,165,0,0,-1,582.005,0,0,0,0,0,0,0,0,0
0.63436,243,165,0,0,-1,602.58,0,0,0,0,0,0,0,0,0
0.636086,243,165,0,0,-1,586.009,0,0,0,0,0,0,0,0,0
0.637644,243,165,0,0,-1,596.148,0,0,0,0,0,0,0,0,0
0.639463,243,165,0,0,-1,581.492,0,0,0,0,0,0,0,0,0
0.641126,243,165,0,0,-1,582.706,0,0,0,0,0,0,0,0,0
0.64277,243,165,0,0,-1,588.127,0,0,0,0,0,0,0,0,0
0.644574,243,165,0,0,-1,605.316,0,0,0,0,0,0,0,0,0
0.646405,243,165,0,0,-1,565.054,0,0,0,0,0,0,0,0,0
0.648223,243,165,0,0,-1,548.12,0,0,0,0,0,0,0,0,0
0.649783,243,165,0,0,-1,585.064,0,0,0,0,0,0,0,0,0
0.651536,243,165,0,0,-1,599.17,0,0,0,0,0,0,0,0,0
0.653222,243,165,0,0,-1,595.141,0,0,0,0,0,0,0,0,0
0.654766,243,165,0,0,-1,603.925,0,0,0,0,0,0,0,0,0
0.656548,243,165,0,0,-1,599.725,0,0,0,0,0,0,0,0,0
0.658142,243,165,0,0,-1,609.773,0,0,0,0,0,0,0,0,0
0.659754,243,165,0,0,-1,595.649,0,0,0,0,0,0,0,0,0
0.66156,243,165,0,0,-1,586.695,0,0,0,0,0,0,0,0,0
0.663187,243,165,0,0,-1,594.133,0,0,0,0,0,0,0,0,0
0.664878,243,165,0,0,-1,586.348,0,0,0,0,0,0,0,0,0
0.666652,243,165,0,0,-1,570.734,0,0,0,0,0,0,0,0,0
0.668355,243,165,0,0,-1,612.947,0,0,0,0,0,0,0,0,0
0.669901,243,165,0,0,-1,624.373,0,0,0,0,0,0,0,0,0
0.671658,243,165,0,0,-1,550.438,0,0,0,0,0,0,0,0,0
0.673456,243,165,0,0,-1,591.664,0,0,0,0,0,0,0,0,0
0.675138,243,165,0,0,-1,567.308,0,0,0,0,0,0,0,0,0
0.676791,243,165,0,0,-1,596.193,0,0,0,0,0,0,0,0,0
0.678549,243,165,0,0,-1,600.796,0,0,0,0,0,0,0,0,0
0.680166,243,165,0,0,-1,582.552,0,0,0,0,0,0,0,0,0
0.681939,243,165,0,0,-1,585.946,0,0,0,0,0,0,0,0,0
0.683568,243,165,0,0,-1,582.951,0,0,0,0,0,0,0,0,0
0.685317,243,165,0,0,-1,603.177,0,0,0,0,0,0,0,0,0
0.686948,243,165,0,0,-1,590.297,0,0,0,0,0,0,0,0,0
0.688623,243,165,0,0,-1,579.04,0,0,0,0,0,0,0,0,0
0.690372,243,165,0,0,-1,632.61,0,0,0,0,0,0,0,0,0
0.692133,243,165,0,0,-1,545.467,0,0,0,0,0,0,0,0,0
0.693686,243,165,0,0,-1,607.585,0,0,0,0,0,0,0,0,0
0.695453,243,165,0,0,-1,605.3,0,0,0,0,0,0,0,0,0
0.697204,243,165,0,0,-1,562.906,0,0,0,0,0,0,0,0,0
0.698811,243,165,0,0,-1,591.314,0,0,0,0,0,0,0,0,0
0.700536,243,165,0,0,-1,595.346,0,0,0,0,0,0,0,0,0
0.702223,243,165,0,0,-1,608.281,0,0,0,0,0,0,0,0,0
0.703863,243,165,0,0,-1,617.565,0,0,0,0,0,0,0,0,0
0.705665,243,165,0,0,-1,532.837,0,0,0,0,0,0,0,0,0
0.707353,243,165,0,0,-1,614.039,0,0,0,0,0,0,0,0,0
0.708993,243,165,0,0,-1,597.47,0,0,0,0,0,0,0,0,0
0.710691,243,165,0,0,-1,575.462,0,0,0,0,0,0,0,0,0
0.712482,243,165,0,0,-1,581.722,0,0,0,0,0,0,0,0,0
0.714112,243,165,0,0,-1,590.834,0,0,0,0,0,0,0,0,0
0.715764,243,165,0,0,-1,589.442,0,0,0,0,0,0,0,0,0
0.717543,243,165,0,0,-1,598.223,0,0,0,0,0,0,0,0,0
0.719198,243,165,0,0,-1,592.971,0,0,0,0,0,0,0,0,0
0.72094,243,165,0,0,-1,574.432,0,0,0,0,0,0,0,0,0
0.722512,243,165,0,0,-1,625.028,0,0,0,0,0,0,0,0,0
0.72435,243,165,0,0,-1,566.545,0,0,0,0,0,0,0,0,0
0.725954,243,165,0,0,-1,611.32,0,0,0,0,0,0,0,0,0
0.727634,243,165,0,0,-1,567.001,0,0,0,0,0,0,0,0,0
0.729396,243,165,0,0,-1,607.844,0,0,0,0,0,0,0,0,0
0.731151,243,165,0,0,-1,554.021,0,0,0,0,0,0,0,0,0
0.732752,243,165,0,0,-1,599.137,0,0,0,0,0,0,0,0,0
0.734541,243,165,0,0,-1,593.319,0,0,0,0,0,0,0,0,0
0.73626,243,165,0,0,-1,588.584,0,0,0,0,0,0,0,0,0
0.737961,243,165,0,0,-1,580.702,0,0,0,0,0,0,0,0,0
0.739625,243,165,0,0,-1,582.729,0,0,0,0,0,0,0,0,0
0.741307,243,165,0,0,-1,611.226,0,0,0,0,0,0,0,0,0
0.743018,243,165,0,0,-1,589.853,0,0,0,0,0,0,0,0,0
0.744709,243,165,0,0,-1,566.145,0,0,0,0,0,0,0,0,0
0.746506,243,165,0,0,-1,590.752,0,0,0,0,0,0,0,0,0
0.748167,243,165,0,0,-1,599.447,0,0,0,0,0,0,0,0,0
0.749749,243,165,0,0,-1,594.637,0,0,0,0,0,0,0,0,0
0.751561,243,165,0,0,-1,584.768,0,0,0,0,0,0,0,0,0
0.753167,243,165,0,0,-1,591.7,0,0,0,0,0,0,0,0,0
0.754939,243,165,0,0,-1,579.367,0,0,0,0,0,0,0,0,0
0.756497,243,165,0,0,-1,617.917,0,0,0,0,0,0,0,0,0
0.758357,243,165,0,0,-1,566.361,0,0,0,0,0,0,0,0,0
0.759978,243,165,0,0,-1,606.389,0,0,0,0,0,0,0,0,0
0.761677,243,165,0,0,-1,567.165,0,0,0,0,0,0,0,0,0
0.763453,243,165,0,0,-1,596.492,0,0,0,0,0,0,0,0,0
0.76522,243,165,0,0,-1,562.946,0,0,0,0,0,0,0,0,0
0.766825,243,165,0,0,-1,588.4,0,0,0,0,0,0,0,0,0
0.768598,243,165,0,0,-1,591.915,0,0,0,0,0,0,0,0,0
0.770273,243,165,0,0,-1,588.178,0,0,0,0,0,0,0,0,0
0.771913,243,165,0,0,-1,596.082,0,0,0,0,0,0,0,0,0
0.773572,243,165,0,0,-1,616.413,0,0,0,0,0,0,0,0,0
0.775279,243,165,0,0,-1,577.531,0,0,0,0,0,0,0,0,0
0.777074,243,165,0,0,-1,564.982,0,0,0,0,0,0,0,0,0
0.778707,243,165,0,0,-1,582.144,0,0,0,0,0,0,0,0,0
0.780503,243,165,0,0,-1,587.118,0,0,0,0,0,0,0,0,0
0.782091,243,165,0,0,-1,597.21,0,0,0,0,0,0,0,0,0
0.783772,243,165,0,0,-1,595.799,0,0,0,0,0,0,0,0,0
0.785527,243,165,0,0,-1,603.585,0,0,0,0,0,0,0,0,0
0.787126,243,165,0,0,-1,590.813,0,0,0,0,0,0,0,0,0
0.788803,243,165,0,0,-1,590.446,0,0,0,0,0,0,0,0,0
0.790544,243,165,0,0,-1,612.957,0,0,0,0,0,0,0,0,0
0.792182,243,165,0,0,-1,574.449,0,0,0,0,0,0,0,0,0
0.793943,243,165,0,0,-1,579.753,0,0,0,0,0,0,0,0,0
0.795501,243,165,0,0,-1,641.97,0,0,0,0,0,0,0,0,0
0.797388,243,165,0,0,-1,545.661,0,0,0,0,0,0,0,0,0
0.799111,243,165,0,0,-1,577.305,0,0,0,0,0,0,0,0,0
0.80068,243,165,0,0,-1,596.233,0,0,0,0,0,0,0,0,0
0.80247,243,165,0,0,-1,601.098,0,0,0,0,0,0,0,0,0
0.804044,243,165,0,0,-1,598.921,0,0,0,0,0,0,0,0,0
0.805742,243,165,0,0,-1,581.991,0,0,0,0,0,0,0,0,0
0.807508,243,165,0,0,-1,602.216,0,0,0,0,0,0,0,0,0
0.809205,243,165,0,0,-1,580.691,0,0,0,0,0,0,0,0,0
0.81082,243,165,0,0,-1,584.94,0,0,0,0,0,0,0,0,0
0.812565,243,165,0,0,-1,606.925,0,0,0,0,0,0,0,0,0
0.814255,243,165,0,0,-1,594.012,0,0,0,0,0,0,0,0,0
0.815973,243,165,0,0,-1,570.184,0,0,0,0,0,0,0,0,0
0.817679,243,165,0,0,-1,581.067,0,0,0,0,0,0,0,0,0
0.819378,243,165,0,0,-1,613.183,0,0,0,0,0,0,0,0,0
0.821176,243,165,0,0,-1,547.455,0,0,0,0,0,0,0,0,0
0.822758,243,165,0,0,-1,618.294,0,0,0,0,0,0,0,0,0
0.824477,243,165,0,0,-1,598.054,0,0,0,0,0,0,0,0,0
0.826149,243,165,0,0,-1,582.819,0,0,0,0,0,0,0,0,0
0.827974,243,165,0,0,-1,564.237,0,0,0,0,0,0,0,0,0
0.82963,243,165,0,0,-1,593.232,0,0,0,0,0,0,0,0,0
0.8312,243,165,0,0,-1,644.971,0,0,0,0,0,0,0,0,0
0.832822,243,165,0,0,-1,591.342,0,0,0,0,0,0,0,0,0
0.834704,243,165,0,0,-1,568.102,0,0,0,0,0,0,0,0,0
0.836497,243,165,0,0,-1,604.172,0,0,0,0,0,0,0,0,0
0.838184,243,165,0,0,-1,567.117,0,0,0,0,0,0,0,0,0
0.839871,243,165,0,0,-1,546.425,0,0,0,0,0,0,0,0,0
0.841653,243,165,0,0,-1,570.89,0,0,0,0,0,0,0,0,0
0.843313,243,165,0,0,-1,642.562,0,0,0,0,0,0,0,0,0
0.844938,243,165,0,0,-1,599.302,0,0,0,0,0,0,0,0,0
0.846631,243,165,0,0,-1,610.141,0,0,0,0,0,0,0,0,0
0.84817,243,165,0,0,-1,603.954,0,0,0,0,0,0,0,0,0
0.849949,243,165,0,0,-1,561.092,0,0,0,0,0,0,0,0,0
0.85151,243,165,0,0,-1,627.771,0,0,0,0,0,0,0,0,0
0.853232,243,165,0,0,-1,607.179,0,0,0,0,0,0,0,0,0
0.854783,243,165,0,0,-1,605.119,0,0,0,0,0,0,0,0,0
0.856557,243,165,0,0,-1,580.997,0,0,0,0,0,0,0,0,0
0.858284,243,165,0,0,-1,605.731,0,0,0,0,0,0,0,0,0
0.859919,243,165,0,0,-1,615.511,0,0,0,0,0,0,0,0,0
0.861654,243,165,0,0,-1,592.976,0,0,0,0,0,0,0,0,0
0.863238,243,165,0,0,-1,595.607,0,0,0,0,0,0,0,0,0
0.864952,243,165,0,0,-1,576.057,0,0,0,0,0,0,0,0,0
0.866596,243,165,0,0,-1,591.08,0,0,0,0,0,0,0,0,0
0.868312,243,165,0,0,-1,616.843,0,0,0,0,0,0,0,0,0
0.869961,243,165,0,0,-1,610.152,0,0,0,0,0,0,0,0,0
0.871629,243,165,0,0,-1,560.468,0,0,0,0,0,0,0,0,0
0.873344,243,165,0,0,-1,594.314,0,0,0,0,0,0,0,0,0
0.875149,243,165,0,0,-1,580.845,0,0,0,0,0,0,0,0,0
0.876726,243,165,0,0,-1,616.154,0,0,0,0,0,0,0,0,0
0.878463,243,165,0,0,-1,570.945,0,0,0,0,0,0,0,0,0
0.88025,243,165,0,0,-1,567.435,0,0,0,0,0,0,0,0,0
0.881921,243,165,0,0,-1,590.643,0,0,0,0,0,0,0,0,0
0.883538,243,165,0,0,-1,625.242,0,0,0,0,0,0,0,0,0
0.8852,243,165,0,0,-1,587.825,0,0,0,0,0,0,0,0,0
0.886864,243,165,0,0,-1,608.875,0,0,0,0,0,0,0,0,0
0.888641,243,165,0,0,-1,531.897,0,0,0,0,0,0,0,0,0
0.890334,243,165,0,0,-1,625.298,0,0,0,0,0,0,0,0,0
0.89207,243,165,0,0,-1,585.513,0,0,0,0,0,0,0,0,0
0.893718,243,165,0,0,-1,574.161,0,0,0,0,0,0,0,0,0
0.895472,243,165,0,0,-1,612.178,0,0,0,0,0,0,0,0,0
0.897272,243,165,0,0,-1,558.16,0,0,0,0,0,0,0,0,0
0.898813,243,165,0,0,-1,624.194,0,0,0,0,0,0,0,0,0
0.900516,243,165,0,0,-1,569.297,0,0,0,0,0,0,0,0,0
0.902254,243,165,0,0,-1,603.366,0,0,0,0,0,0,0,0,0
0.903761,243,165,0,0,-1,631.749,0,0,0,0,0,0,0,0,0
0.905579,243,165,0,0,-1,570.533,0,0,0,0,0,0,0,0,0
0.90722,243,165,0,0,-1,584.905,0,0,0,0,0,0,0,0,0
0.909096,243,165,0,0,-1,554.804,0,0,0,0,0,0,0,0,0
0.910644,243,165,0,0,-1,601.897,0,0,0,0,0,0,0,0,0
0.912406,243,165,0,0,-1,614.548,0,0,0,0,0,0,0,0,0
0.914081,243,165,0,0,-1,606.399,0,0,0,0,0,0,0,0,0
0.921495,243,165,0,0,-1,502.342,0,0,0,0,0,0,0,0,0
0.92229,243,165,0,0,-1,156.165,0,0,0,0,0,0,0,0,0
0.923555,243,165,0,0,-1,667.091,0,0,0,0,0,0,0,0,0
0.925282,243,165,0,0,-1,724.391,0,0,0,0,0,0,0,0,0
0.926997,243,165,0,0,-1,596.962,0,0,0,0,0,0,0,0,0
0.928686,243,165,0,0,-1,572.486,0,0,0,0,0,0,0,0,0
0.930345,243,165,0,0,-1,616.939,0,0,0,0,0,0,0,0,0
0.932239,243,165,0,0,-1,540.124,0,0,0,0,0,0,0,0,0
0.934151,243,165,0,0,-1,555.21,0,0,0,0,0,0,0,0,0
0.936161,243,165,0,0,-1,498.848,0,0,0,0,0,0,0,0,0
0.937941,243,165,0,0,-1,505.754,0,0,0,0,0,0,0,0,0
0.941625,243,165,0,0,-1,334.634,0,0,0,0,0,0,0,0,0
0.944193,243,165,0,0,-1,320.497,0,0,0,0,0,0,0,0,0
0.945759,243,165,0,0,-1,570.021,0,0,0,0,0,0,0,0,0
0.947541,243,165,0,0,-1,585.694,0,0,0,0,0,0,0,0,0
0.9492,243,165,0,0,-1,591.804,0,0,0,0,0,0,0,0,0
0.950811,243,165,0,0,-1,610.503,0,0,0,0,0,0,0,0,0
0.952467,243,165,0,0,-1,601.855,0,0,0,0,0,0,0,0,0
0.954324,243,165,0,0,-1,562.583,0,0,0,0,0,0,0,0,0
0.955903,243,165,0,0,-1,621.154,0,0,0,0,0,0,0,0,0
0.957636,243,165,0,0,-1,571.596,0,0,0,0,0,0,0,0,0
0.959259,243,165,0,0,-1,652.728,0,0,0,0,0,0,0,0,0
0.960928,243,165,0,0,-1,610.785,0,0,0,0,0,0,0,0,0
0.96259,243,165,0,0,-1,546.972,0,0,0,0,0,0,0,0,0
0.964252,243,165,0,0,-1,623.799,0,0,0,0,0,0,0,0,0
0.9659,243,165,0,0,-1,597.669,0,0,0,0,0,0,0,0,0
0.967553,243,165,0,0,-1,608.11,0,0,0,0,0,0,0,0,0
0.969287,243,165,0,0,-1,576.527,0,0,0,0,0,0,0,0,0
0.970829,243,165,0,0,-1,650.436,0,0,0,0,0,0,0,0,0
0.972566,243,165,0,0,-1,560.747,0,0,0,0,0,0,0,0,0
0.974206,243,165,0,0,-1,636.954,0,0,0,0,0,0,0,0,0
0.97576,243,165,0,0,-1,627.568,0,0,0,0,0,0,0,0,0
0.977525,243,165,0,0,-1,569.21,0,0,0,0,0,0,0,0,0
0.979251,243,165,0,0,-1,575.211,0,0,0,0,0,0,0,0,0
0.98093,243,165,0,0,-1,599.391,0,0,0,0,0,0,0,0,0
0.982564,243,165,0,0,-1,593.639,0,0,0,0,0,0,0,0,0
0.984296,243,165,0,0,-1,585.965,0,0,0,0,0,0,0,0,0
0.986063,243,165,0,0,-1,580.552,0,0,0,0,0,0,0,0,0
0.987717,243,165,0,0,-1,591.979,0,0,0,0,0,0,0,0,0
0.989421,243,165,0,0,-1,605.494,0,0,0,0,0,0,0,0,0
0.991219,243,165,0,0,-1,564.584,0,0,0,0,0,0,0,0,0
0.992674,243,165,0,0,-1,639.214,0,0,0,0,0,0,0,0,0
0.994575,243,165,0,0,-1,551.717,0,0,0,0,0,0,0,0,0
0.99613,243,165,0,0,-1,643.151,0,0,0,0,0,0,0,0,0
0.997787,243,165,0,0,-1,576.547,0,0,0,0,0,0,0,0,0
0.999584,243,165,0,0,-1,558.579,0,0,0,0,0,0,0,0,0
1.00133,243,165,0,0,-1,612.757,0,0,0,0,0,0,0,0,0
1.00298,243,165,0,0,-1,593.41,0,0,0,0,0,0,0,0,0
1.00467,243,165,0,0,-1,580.073,0,0,0,0,0,0,0,0,0
1.00649,243,165,0,0,-1,578.856,0,0,0,0,0,0,0,0,0
1.00815,243,165,0,0,-1,567.979,0,0,0,0,0,0,0,0,0
1.00993,243,165,0,0,-1,600.522,0,0,0,0,0,0,0,0,0
1.01152,243,165,0,0,-1,621.926,0,0,0,0,0,0,0,0,0
1.01332,243,165,0,0,-1,553.688,0,0,0,0,0,0,0,0,0
1.01486,243,165,0,0,-1,628.683,0,0,0,0,0,0,0,0,0
1.01658,243,165,0,0,-1,577.315,0,0,0,0,0,0,0,0,0
1.01825,243,165,0,0,-1,596.883,0,0,0,0,0,0,0,0,0
1.01989,243,165,0,0,-1,612.291,0,0,0,0,0,0,0,0,0
1.0216,243,165,0,0,-1,565.796,0,0,0,0,0,0,0,0,0
1.02326,243,165,0,0,-1,624.78,0,0,0,0,0,0,0,0,0
1.02506,243,165,0,0,-1,586.944,0,0,0,0,0,0,0,0,0
1.02668,243,165,0,0,-1,582.333,0,0,0,0,0,0,0,0,0
1.02842,243,165,0,0,-1,595.339,0,0,0,0,0,0,0,0,0
1.03013,243,165,0,0,-1,571.177,0,0,0,0,0,0,0,0,0
1.03175,243,165,0,0,-1,590.103,0,0,0,0,0,0,0,0,0
1.03338,243,165,0,0,-1,634.302,0,0,0,0,0,0,0,0,0
1.03498,243,165,0,0,-1,604.042,0,0,0,0,0,0,0,0,0
1.03678,243,165,0,0,-1,550.605,0,0,0,0,0,0,0,0,0
1.03843,243,165,0,0,-1,653.305,0,0,0,0,0,0,0,0,0
1.04023,243,165,0,0,-1,550.235,0,0,0,0,0,0,0,0,0
1.04181,243,165,0,0,-1,631.122,0,0,0,0,0,0,0,0,0
1.04358,243,165,0,0,-1,559.92,0,0,0,0,0,0,0,0,0
1.04526,243,165,0,0,-1,590.24,0,0,0,0,0,0,0,0,0
1.04688,243,165,0,0,-1,635.746,0,0,0,0,0,0,0,0,0
1.04866,243,165,0,0,-1,551.989,0,0,0,0,0,0,0,0,0
1.05032,243,165,0,0,-1,605.603,0,0,0,0,0,0,0,0,0
1.05199,243,165,0,0,-1,587.803,0,0,0,0,0,0,0,0,0
1.0537,243,165,0,0,-1,563.028,0,0,0,0,0,0,0,0,0
1.05537,243,165,0,0,-1,622.53,0,0,0,0,0,0,0,0,0
1.05699,243,165,0,0,-1,591.597,0,0,0,0,0,0,0,0,0
1.0588,243,165,0,0,-1,556.923,0,0,0,0,0,0,0,0,0
1.06048,243,165,0,0,-1,597.668,0,0,0,0,0,0,0,0,0
1.06222,243,165,0,0,-1,588.589,0,0,0,0,0,0,0,0,0
1.06412,243,165,0,0,-1,639.83,0,0,0,0,0,0,0,0,0
1.06547,243,165,0,0,-1,533.119,0,0,0,0,0,0,0,0,0
1.06751,243,165,0,0,-1,527.673,0,0,0,0,0,0,0,0,0
1.06913,243,165,0,0,-1,632.604,0,0,0,0,0,0,0,0,0
1.07078,243,165,0,0,-1,605.854,0,0,0,0,0,0,0,0,0
1.07247,243,165,0,0,-1,591.691,0,0,0,0,0,0,0,0,0
1.07421,243,165,0,0,-1,571.347,0,0,0,0,0,0,0,0,0
1.07582,243,165,0,0,-1,627.744,0,0,0,0,0,0,0,0,0
1.07755,243,165,0,0,-1,577.658,0,0,0,0,0,0,0,0,0
1.07925,243,165,0,0,-1,599.549,0,0,0,0,0,0,0,0,0
1.08077,243,165,0,0,-1,628.625,0,0,0,0,0,0,0,0,0
1.08256,243,165,0,0,-1,552.595,0,0,0,0,0,0,0,0,0
1.0843,243,165,0,0,-1,617.599,0,0,0,0,0,0,0,0,0
1.08594,243,165,0,0,-1,600.723,0,0,0,0,0,0,0,0,0
1.08761,243,165,0,0,-1,564.144,0,0,0,0,0,0,0,0,0
1.08927,243,165,0,0,-1,624.995,0,0,0,0,0,0,0,0,0
1.09079,243,165,0,0,-1,643.365,0,0,0,0,0,0,0,0,0
1.09257,243,165,0,0,-1,579.734,0,0,0,0,0,0,0,0,0
1.09424,243,165,0,0,-1,597.318,0,0,0,0,0,0,0,0,0
1.09594,243,165,0,0,-1,573.377,0,0,0,0,0,0,0,0,0
1.09764,243,165,0,0,-1,576.406,0,0,0,0,0,0,0,0,0
1.09932,243,165,0,0,-1,606.831,0,0,0,0,0,0,0,0,0
1.10101,243,165,0,0,-1,615.299,0,0,0,0,0,0,0,0,0
1.1027,243,165,0,0,-1,573.817,0,0,0,0,0,0,0,0,0
1.10438,243,165,0,0,-1,587.068,0,0,0,0,0,0,0,0,0
1.10614,243,165,0,0,-1,566.514,0,0,0,0,0,0,0,0,0
1.10784,243,165,0,0,-1,596.742,0,0,0,0,0,0,0,0,0
1.10977,247,169,0,0,-1,557.762,0,0,0,0,0,0,0,0,0
1.11138,247,169,0,0,-1,583.111,0,0,0,0,0,0,0,0,0
1.1132,247,169,0,0,-1,548.523,0,0,0,0,0,0,0,0,0
1.1149,247,169,0,0,-1,575.63,0,0,0,0,0,0,0,0,0
1.11665,252,174,0,0,-1,658.267,0,0,0,0,0,0,0,0,0
1.11818,252,174,0,0,-1,578.489,0,0,0,0,0,0,0,0,0
1.11992,252,174,0,0,-1,577.417,0,0,0,0,0,0,0,0,0
1.12161,252,174,0,0,-1,577.402,0,0,0,0,0,0,0,0,0
1.12321,252,174,0,0,-1,647.855,0,0,0,0,0,0,0,0,0
1.12481,258,179,0,0,-1,537.374,0,0,0,0,0,0,0,0,0
1.12677,258,179,0,0,-1,578.822,0,0,0,0,0,0,0,0,0
1.12842,258,179,0,0,-1,618.279,0,0,0,0,0,0,0,0,0
1.13017,258,179,0,0,-1,569.707,0,0,0,0,0,0,0,0,0
1.13196,264,185,0,0,-1,621.388,0,0,0,0,0,0,0,0,0
1.13353,264,185,0,0,-1,566.04,0,0,0,0,0,0,0,0,0
1.13526,264,185,0,0,-1,570.096,0,0,0,0,0,0,0,0,0
1.13686,264,185,0,0,-1,636.219,0,0,0,0,0,0,0,0,0
1.13869,269,189,0,0,-1,605.273,0,0,0,0,0,0,0,0,0
1.14023,269,189,0,0,-1,583.163,0,0,0,0,0,0,0,0,0
1.14187,269,189,0,0,-1,620.655,0,0,0,0,0,0,0,0,0
1.14364,269,189,0,0,-1,529.219,0,0,0,0,0,0,0,0,0
1.14534,269,189,0,0,-1,639.324,0,0,0,0,0,0,0,0,0
1.14718,275,194,0,0,-1,563.813,0,0,0,0,0,0,0,0,0
1.14887,275,194,0,0,-1,545.259,0,0,0,0,0,0,0,0,0
1.15055,275,194,0,0,-1,572.313,0,0,0,0,0,0,0,0,0
1.15226,275,194,0,0,-1,608.556,0,0,0,0,0,0,0,0,0
1.15399,281,198,0,0,-1,674.859,0,0,0,0,0,0,0,0,0
1.15554,281,198,0,0,-1,557.676,0,0,0,0,0,0,0,0,0
1.15725,281,198,0,0,-1,585.74,0,0,0,0,0,0,0,0,0
1.15886,281,198,0,0,-1,621,0,0,0,0,0,0,0,0,0
1.16062,281,198,0,0,-1,560.287,0,0,0,0,0,0,0,0,0
1.1621,288,203,0,0,-1,586.901,0,0,0,0,0,0,0,0,0
1.16424,288,203,0,0,-1,530.2,0,0,0,0,0,0,0,0,0
1.16582,288,203,0,0,-1,634.358,0,0,0,0,0,0,0,0,0
1.16763,288,203,0,0,-1,528.791,0,0,0,0,0,0,0,0,0
1.16939,295,207,0,0,-1,668.552,0,0,0,0,0,0,0,0,0
1.17099,295,207,0,0,-1,554.154,0,0,0,0,0,0,0,0,0
1.1726,295,207,0,0,-1,608.655,0,0,0,0,0,0,0,0,0
1.17433,295,207,0,0,-1,588.57,0,0,0,0,0,0,0,0,0
1.176,295,207,0,0,-1,630.211,0,0,0,0,0,0,0,0,0
1.17741,301,211,0,0,-1,578.954,0,0,0,0,0,0,0,0,0
1.1794,301,211,0,0,-1,589.731,0,0,0,0,0,0,0,0,0
1.18114,301,211,0,0,-1,551.819,0,0,0,0,0,0,0,0,0
1.1829,301,211,0,0,-1,577.209,0,0,0,0,0,0,0,0,0
1.18462,306,216,0,0,-1,555.895,0,0,0,0,0,0,0,0,0
1.18644,306,216,0,0,-1,585.206,0,0,0,0,0,0,0,0,0
1.18818,306,216,0,0,-1,571.982,0,0,0,0,0,0,0,0,0
1.18981,306,216,0,0,-1,589.624,0,0,0,0,0,0,0,0,0
1.19165,311,219,0,0,-1,633.544,0,0,0,0,0,0,0,0,0
1.19318,311,219,0,0,-1,581.994,0,0,0,0,0,0,0,0,0
1.19511,311,219,0,0,-1,558.669,0,0,0,0,0,0,0,0,0
1.19679,311,219,0,0,-1,547.607,0,0,0,0,0,0,0,0,0
1.19882,315,221,0,0,-1,624.802,0,0,0,0,0,0,0,0,0
1.20026,315,221,0,0,-1,528.348,0,0,0,0,0,0,0,0,0
1.2023,315,221,0,0,-1,509.69,0,0,0,0,0,0,0,0,0
1.20407,315,221,0,0,-1,554.061,0,0,0,0,0,0,0,0,0
1.20574,315,221,0,0,-1,596.653,0,0,0,0,0,0,0,0,0
1.20742,318,223,0,0,-1,503.229,0,0,0,0,0,0,0,0,0
1.20935,318,223,0,0,-1,654.48,0,0,0,0,0,0,0,0,0
1.21136,318,223,0,0,-1,525.118,0,0,0,0,0,0,0,0,0
1.21307,318,223,0,0,-1,536.213,0,0,0,0,0,0,0,0,0
1.21487,320,225,0,0,-1,489.428,0,0,0,0,0,0,0,0,0
1.21688,320,225,0,0,-1,563.558,0,0,0,0,0,0,0,0,0
1.21962,320,225,0,0,-1,572.168,0,0,0,0,0,0,0,0,0
1.22049,320,225,0,0,-1,432.195,0,0,0,0,0,0,0,0,0
1.22212,322,226,0,0,-1,676.435,0,0,0,0,0,0,0,0,0
1.22418,322,226,0,0,-1,560.455,0,0,0,0,0,0,0,0,0
1.22573,322,226,0,0,-1,611.077,0,0,0,0,0,0,0,0,0
1.22753,322,226,0,0,-1,593.167,0,0,0,0,0,0,0,0,0
1.22929,323,227,0,0,-1,598.211,0,0,0,0,0,0,0,0,0
1.23087,323,227,0,0,-1,575.248,0,0,0,0,0,0,0,0,0
1.23257,323,227,0,0,-1,568.444,0,0,0,0,0,0,0,0,0
1.23439,323,227,0,0,-1,591.041,0,0,0,0,0,0,0,0,0
1.23598,323,227,0,0,-1,622.667,0,0,0,0,0,0,0,0,0
1.23755,324,227,0,0,-1,542.804,0,0,0,0,0,0,0,0,0
1.23941,324,227,0,0,-1,611.623,0,0,0,0,0,0,0,0,0
1.24121,324,227,0,0,-1,569.76,0,0,0,0,0,0,0,0,0
1.24275,324,227,0,0,-1,613.906,0,0,0,0,0,0,0,0,0
1.24454,325,228,0,0,-1,541.672,0,0,0,0,0,0,0,0,0
1.24643,325,228,0,0,-1,604.875,0,0,0,0,0,0,0,0,0
1.24822,325,228,0,0,-1,532.313,0,0,0,0,0,0,0,0,0
1.2499,325,228,0,0,-1,579.133,0,0,0,0,0,0,0,0,0
1.25162,327,228,0,0,-1,652.363,0,0,0,0,0,0,0,0,0
1.2532,327,228,0,0,-1,573.996,0,0,0,0,0,0,0,0,0
1.25489,327,228,0,0,-1,614.083,0,0,0,0,0,0,0,0,0
1.25659,327,228,0,0,-1,551.863,0,0,0,0,0,0,0,0,0
1.25825,327,228,0,0,-1,628.492,0,0,0,0,0,0,0,0,0
1.2598,327,229,0,0,-1,547.062,0,0,0,0,0,0,0,0,0
1.26178,327,229,0,0,-1,568.233,0,0,0,0,0,0,0,0,0
1.26346,327,229,0,0,-1,630.252,0,0,0,0,0,0,0,0,0
1.26512,327,229,0,0,-1,582.682,0,0,0,0,0,0,0,0,0
1.26703,328,229,0,0,-1,607.104,0,0,0,0,0,0,0,0,0
1.26837,328,229,0,0,-1,597.063,0,0,0,0,0,0,0,0,0
1.27036,328,229,0,0,-1,514.261,0,0,0,0,0,0,0,0,0
1.27218,328,229,0,0,-1,565.181,0,0,0,0,0,0,0,0,0
1.27379,328,229,0,0,-1,622.939,0,0,0,0,0,0,0,0,0
1.27541,328,229,0,0,-1,584.672,0,0,0,0,0,0,0,0,0
1.27726,328,229,0,0,-1,561.713,0,0,0,0,0,0,0,0,0
1.27888,328,229,0,0,-1,590.207,0,0,0,0,0,0,0,0,0
1.28047,328,229,0,0,-1,642.227,0,0,0,0,0,0,0,0,0
1.28211,329,229,0,0,-1,531.97,0,0,0,0,0,0,0,0,0
1.28421,329,229,0,0,-1,556.125,0,0,0,0,0,0,0,0,0
1.28575,329,229,0,0,-1,621.39,0,0,0,0,0,0,0,0,0
1.28747,329,229,0,0,-1,591.183,0,0,0,0,0,0,0,0,0
1.28914,329,229,0,0,-1,606.905,0,0,0,0,0,0,0,0,0
1.29092,329,229,0,0,-1,540.809,0,0,0,0,0,0,0,0,0
1.29258,329,229,0,0,-1,595.555,0,0,0,0,0,0,0,0,0
1.29423,329,229,0,0,-1,626.68,0,0,0,0,0,0,0,0,0
1.29594,329,229,0,0,-1,599.699,0,0,0,0,0,0,0,0,0
1.2975,330,229,0,0,-1,543.488,0,0,0,0,0,0,0,0,0
1.29934,330,229,0,0,-1,624.957,0,0,0,0,0,0,0,0,0
1.30107,330,229,0,0,-1,583.368,0,0,0,0,0,0,0,0,0
1.30273,330,229,0,0,-1,590.461,0,0,0,0,0,0,0,0,0
1.30478,330,229,0,0,-1,619.745,0,0,0,0,0,0,0,0,0
1.30843,330,229,1,0,-1,619.745,0,0,0,0,0,0,0,0,0
1.30914,330,229,1,0,-1,495.827,0,0,0,0,0,0,0,0,0
1.32535,330,229,1,0,-1,52.6495,1,1,1,0,0,1,0,0,0
1.3265,330,229,1,0,-1,688.636,1,1,1,0,0,1,0,0,0
1.32842,330,229,1,0,-1,686.842,1,1,1,0,0,1,0,0,0
1.3303,330,229,1,0,-1,497.194,1,1,1,0,0,1,0,0,0
1.33235,330,229,1,0,-1,510.227,1,1,1,0,0,1,0,0,0
1.33401,330,229,1,0,-1,522.583,1,1,1,0,0,1,0,0,0
1.33634,330,229,1,0,-1,485.356,1,1,1,0,0,1,0,0,0
1.33818,330,229,1,0,-1,512.882,1,1,1,0,0,1,0,0,0
1.34008,330,229,1,0,-1,555.343,1,1,1,0,0,1,0,0,0
1.34186,330,229,1,0,-1,500.987,1,1,1,0,0,1,0,0,0
1.34396,330,229,1,0,-1,517.595,1,1,1,0,0,1,0,0,0
1.34579,330,229,1,0,-1,514.172,1,1,1,0,0,1,0,0,0
1.34768,330,229,1,0,-1,536.871,1,1,1,0,0,1,0,0,0
1.34948,330,229,1,0,-1,521.792,1,1,1,0,0,1,0,0,0
1.35146,330,229,1,0,-1,565.928,1,1,1,0,0,1,0,0,0
1.35326,330,229,1,0,-1,533.089,1,1,1,0,0,1,0,0,0
1.35519,330,229,1,0,-1,546.902,1,1,1,0,0,1,0,0,0
1.35694,330,229,1,0,-1,509.43,1,1,1,0,0,1,0,0,0
1.35902,330,229,1,0,-1,532.222,1,1,1,0,0,1,0,0,0
1.36064,330,229,1,0,-1,579.889,1,1,1,0,0,1,0,0,0
1.36278,330,229,1,0,-1,496.16,1,1,1,0,0,1,0,0,0
1.3645,330,229,1,0,-1,500.989,1,1,1,0,0,1,0,0,0
1.36664,330,229,1,0,-1,544.881,1,1,1,0,0,1,0,0,0
1.36846,330,229,1,0,-1,509.181,1,1,1,0,0,1,0,0,0
1.37045,330,229,1,0,-1,545.438,1,1,1,0,0,1,0,0,0
1.37219,330,229,1,0,-1,500.591,1,1,1,0,0,1,0,0,0
1.37427,330,229,1,0,-1,538.955,1,1,1,0,0,1,0,0,0
1.37598,330,229,1,0,-1,523.05,1,1,1,0,0,1,0,0,0
1.37817,330,229,1,0,-1,519.865,1,1,1,0,0,1,0,0,0
1.3799,330,229,1,0,-1,497.917,1,1,1,0,0,1,0,0,0
1.38196,330,229,1,0,-1,529.178,1,1,1,0,0,1,0,0,0
1.38386,330,229,1,0,-1,510.393,1,1,1,0,0,1,0,0,0
1.38582,330,229,1,0,-1,541.698,1,1,1,0,0,1,0,0,0
1.38763,330,229,1,0,-1,496.613,1,1,1,0,0,1,0,0,0
1.38967,330,229,1,0,-1,518.126,1,1,1,0,0,1,0,0,0
1.39179,330,229,1,0,-1,491.913,1,1,1,0,0,1,0,0,0
1.39365,330,229,1,0,-1,530.342,1,1,1,0,0,1,0,0,0
1.39546,330,229,1,0,-1,527.677,1,1,1,0,0,1,0,0,0
1.39729,330,229,1,0,-1,533.897,1,1,1,0,0,1,0,0,0
1.39934,330,229,1,0,-1,522.215,1,1,1,0,0,1,0,0,0
1.40119,330,229,1,0,-1,537.369,1,1,1,0,0,1,0,0,0
1.403,330,229,1,0,-1,535.212,1,1,1,0,0,1,0,0,0
1.4049,330,229,1,0,-1,542.654,1,1,1,0,0,1,0,0,0
1.40668,330,229,1,0,-1,531.876,1,1,1,0,0,1,0,0,0
1.40865,330,229,1,0,-1,571.837,1,1,1,0,0,1,0,0,0
1.41038,330,229,1,0,-1,500.313,1,1,1,0,0,1,0,0,0
1.41245,330,229,1,0,-1,519.64,1,1,1,0,0,1,0,0,0
1.4143,330,229,1,0,-1,520.828,1,1,1,0,0,1,0,0,0
1.41618,330,229,1,0,-1,565.967,1,1,1,0,0,1,0,0,0
1.4179,330,229,1,0,-1,525.644,1,1,1,0,0,1,0,0,0
1.41977,330,229,1,0,-1,553.618,1,1,1,0,0,1,0,0,0
1.42176,330,229,1,0,-1,522.105,1,1,1,0,0,1,0,0,0
1.4236,330,229,1,0,-1,539.454,1,1,1,0,0,1,0,0,0
1.4255,330,229,1,0,-1,537.14,1,1,1,0,0,1,0,0,0
1.42738,330,229,1,0,-1,498.056,1,1,1,0,0,1,0,0,0
1.42936,330,229,1,0,-1,538.181,1,1,1,0,0,1,0,0,0
1.43118,330,229,1,0,-1,529.802,1,1,1,0,0,1,0,0,0
1.43302,330,229,1,0,-1,540.285,1,1,1,0,0,1,0,0,0
1.43488,330,229,1,0,-1,537.213,1,1,1,0,0,1,0,0,0
1.43673,330,229,1,0,-1,533.161,1,1,1,0,0,1,0,0,0
1.43882,330,229,1,0,-1,555.092,1,1,1,0,0,1,0,0,0
1.44053,330,229,1,0,-1,468.174,1,1,1,0,0,1,0,0,0
1.44267,330,229,1,0,-1,488.816,1,1,1,0,0,1,0,0,0
1.44451,330,229,1,0,-1,540.972,1,1,1,0,0,1,0,0,0
1.44637,330,229,1,0,-1,581.392,1,1,1,0,0,1,0,0,0
1.44817,330,229,1,0,-1,531.972,1,1,1,0,0,1,0,0,0
1.45005,330,229,1,0,-1,530.349,1,1,1,0,0,1,0,0,0
1.4518,330,229,1,0,-1,563.901,1,1,1,0,0,1,0,0,0
1.45365,330,229,1,0,-1,574.125,1,1,1,0,0,1,0,0,0
1.45542,330,229,1,0,-1,540.737,1,1,1,0,0,1,0,0,0
1.45727,330,229,1,0,-1,527.21,1,1,1,0,0,1,0,0,0
1.45919,330,229,1,0,-1,528.13,1,1,1,0,0,1,0,0,0
1.46097,330,229,1,0,-1,577.552,1,1,1,0,0,1,0,0,0
1.46276,330,229,1,0,-1,541.168,1,1,1,0,0,1,0,0,0
1.46458,330,229,1,0,-1,528.196,1,1,1,0,0,1,0,0,0
1.46648,330,229,1,0,-1,559.934,1,1,1,0,0,1,0,0,0
1.46827,330,229,1,0,-1,572.356,1,1,1,0,0,1,0,0,0
1.47008,330,229,1,0,-1,534.842,1,1,1,0,0,1,0,0,0
1.4719,330,229,1,0,-1,541.553,1,1,1,0,0,1,0,0,0
1.47368,330,229,1,0,-1,545.82,1,1,1,0,0,1,0,0,0
1.47552,330,229,1,0,-1,571.452,1,1,1,0,0,1,0,0,0
1.47735,330,229,1,0,-1,548.921,1,1,1,0,0,1,0,0,0
1.47918,330,229,1,0,-1,530.728,1,1,1,0,0,1,0,0,0
1.48109,330,229,1,0,-1,523.104,1,1,1,0,0,1,0,0,0
1.48289,330,229,1,0,-1,562.337,1,1,1,0,0,1,0,0,0
1.48471,330,229,1,0,-1,554.627,1,1,1,0,0,1,0,0,0
1.48657,330,229,1,0,-1,525.436,1,1,1,0,0,1,0,0,0
1.48843,330,229,1,0,-1,539.686,1,1,1,0,0,1,0,0,0
1.49035,330,229,1,0,-1,530.262,1,1,1,0,0,1,0,0,0
1.49223,330,229,1,0,-1,538.294,1,1,1,0,0,1,0,0,0
1.49408,330,229,1,0,-1,526.193,1,1,1,0,0,1,0,0,0
1.49583,330,229,1,0,-1,557.771,1,1,1,0,0,1,0,0,0
1.4977,330,229,1,0,-1,547.285,1,1,1,0,0,1,0,0,0
1.49953,330,229,1,0,-1,525.973,1,1,1,0,0,1,0,0,0
1.5015,330,229,1,0,-1,539.874,1,1,1,0,0,1,0,0,0
1.50336,330,229,1,0,-1,514.232,1,1,1,0,0,1,0,0,0
1.50527,330,229,1,0,-1,554.278,1,1,1,0,0,1,0,0,0
1.50711,330,229,1,0,-1,520.649,1,1,1,0,0,1,0,0,0
1.50894,330,229,1,0,-1,571.139,1,1,1,0,0,1,0,0,0
1.51073,330,229,1,0,-1,536.239,1,1,1,0,0,1,0,0,0
1.51252,330,229,1,0,-1,575.121,1,1,1,0,0,1,0,0,0
1.51449,330,224,1,0,-1,530.907,1,1,1,0,0,1,0,0,0
1.51626,330,224,1,0,-1,537.75,1,1,1,0,0,1,0,0,0
1.51819,330,224,1,0,-1,516.952,1,1,1,0,0,1,0,0,0
1.52008,330,224,1,0,-1,525.292,1,1,1,0,0,1,0,0,0
1.52199,330,217,1,0,-1,562.003,1,1,1,0,0,1,0,0,0
1.52381,330,217,1,0,-1,505.732,1,1,1,0,0,1,0,0,0
1.52564,330,217,1,0,-1,529.223,1,1,1,0,0,1,0,0,0
1.52748,330,217,1,0,-1,574.333,1,1,1,0,0,1,0,0,0
1.52948,330,204,1,0,-1,542.33,1,1,1,0,0,1,0,0,0
1.53123,330,204,1,0,-1,518.543,1,1,1,0,0,1,0,0,0
1.53317,330,204,1,0,-1,523.618,1,1,1,0,0,1,0,0,0
1.535,330,204,1,0,-1,541.598,1,1,1,0,0,1,0,0,0
1.53703,331,194,1,0,-1,539.212,1,1,1,0,0,1,0,0,0
1.53869,331,194,1,0,-1,531.445,1,1,1,0,0,1,0,0,0
1.54056,331,194,1,0,-1,552.253,1,1,1,0,0,1,0,0,0
1.54238,331,194,1,0,-1,546.359,1,1,1,0,0,1,0,0,0
1.54446,332,186,1,0,-1,519.128,1,1,1,0,0,1,0,0,0
1.54611,332,186,1,0,-1,546.069,1,1,1,0,0,1,0,0,0
1.54819,332,186,1,0,-1,501.779,1,1,1,0,0,1,0,0,0
1.5499,332,186,1,0,-1,548.924,1,1,1,0,0,1,0,0,0
1.55224,333,178,1,0,-1,539.508,1,1,1,0,0,1,0,0,0
1.55364,333,178,1,0,-1,502.11,1,1,1,0,0,1,0,0,0
1.55581,333,178,1,0,-1,486.606,1,1,1,0,0,1,0,0,0
1.55755,333,178,1,0,-1,558.096,1,1,1,0,0,1,0,0,0
1.55949,334,170,1,0,-1,550.64,1,1,1,0,0,1,0,0,0
1.56139,334,170,1,0,-1,538.26,1,1,1,0,0,1,0,0,0
1.56323,334,170,1,0,-1,523.647,1,1,1,0,0,1,0,0,0
1.5651,334,170,1,0,-1,544.051,1,1,1,0,0,1,0,0,0
1.56705,336,163,1,0,-1,547.576,1,1,1,0,0,1,0,0,0
1.5688,336,163,1,0,-1,512.505,1,1,1,0,0,1,0,0,0
1.57055,336,163,1,0,-1,581.684,1,1,1,0,0,1,0,0,0
1.5725,336,163,1,0,-1,535.017,1,1,1,0,0,1,0,0,0
1.57448,337,158,1,0,-1,523.716,1,1,1,0,0,1,0,0,0
1.57624,337,158,1,0,-1,527.831,1,1,1,0,0,1,0,0,0
1.57819,337,158,1,0,-1,521.042,1,1,1,0,0,1,0,0,0
1.58006,337,158,1,0,-1,521.306,1,1,1,0,0,1,0,0,0
1.58204,338,152,1,0,-1,562.515,1,1,1,0,0,1,0,0,0
1.58372,338,152,1,0,-1,525.328,1,1,1,0,0,1,0,0,0
1.58557,338,152,1,0,-1,537.145,1,1,1,0,0,1,0,0,0
1.58743,338,152,1,0,-1,542.337,1,1,1,0,0,1,0,0,0
1.58944,339,148,1,0,-1,543.228,1,1,1,0,0,1,0,0,0
1.59122,339,148,1,0,-1,516.283,1,1,1,0,0,1,0,0,0
1.59315,339,148,1,0,-1,526.077,1,1,1,0,0,1,0,0,0
1.5949,339,148,1,0,-1,559.74,1,1,1,0,0,1,0,0,0
1.59701,340,143,1,0,-1,549.228,1,1,1,0,0,1,0,0,0
1.59864,340,143,1,0,-1,519.813,1,1,1,0,0,1,0,0,0
1.60057,340,143,1,0,-1,517.558,1,1,1,0,0,1,0,0,0
1.60238,340,143,1,0,-1,550.825,1,1,1,0,0,1,0,0,0
1.60446,341,140,1,0,-1,554.139,1,1,1,0,0,1,0,0,0
1.60623,341,140,1,0,-1,488.117,1,1,1,0,0,1,0,0,0
1.6082,341,140,1,0,-1,527.043,1,1,1,0,0,1,0,0,0
1.60994,341,140,1,0,-1,547.399,1,1,1,0,0,1,0,0,0
1.61194,342,137,1,0,-1,536.204,1,1,1,0,0,1,0,0,0
1.61376,342,137,1,0,-1,523.726,1,1,1,0,0,1,0,0,0
1.61549,342,137,1,0,-1,574.517,1,1,1,0,0,1,0,0,0
1.61739,342,137,1,0,-1,539.591,1,1,1,0,0,1,0,0,0
1.61941,344,134,1,0,-1,545.86,1,1,1,0,0,1,0,0,0
1.62115,344,134,1,0,-1,510.521,1,1,1,0,0,1,0,0,0
1.62286,344,134,1,0,-1,584.574,1,1,1,0,0,1,0,0,0
1.62481,344,134,1,0,-1,525.737,1,1,1,0,0,1,0,0,0
1.62683,345,132,1,0,-1,516.729,1,1,1,0,0,1,0,0,0
1.62851,345,132,1,0,-1,563.917,1,1,1,0,0,1,0,0,0
1.63043,345,132,1,0,-1,508.911,1,1,1,0,0,1,0,0,0
1.63225,345,132,1,0,-1,547.87,1,1,1,0,0,1,0,0,0
1.63432,346,130,1,0,-1,535.604,1,1,1,0,0,1,0,0,0
1.63602,346,130,1,0,-1,515.595,1,1,1,0,0,1,0,0,0
1.63801,346,130,1,0,-1,540.022,1,1,1,0,0,1,0,0,0
1.63964,346,130,1,0,-1,589.619,1,1,1,0,0,1,0,0,0
1.64191,347,129,1,0,-1,488.522,1,1,1,0,0,1,0,0,0
1.64354,347,129,1,0,-1,529.178,1,1,1,0,0,1,0,0,0
1.64552,347,129,1,0,-1,513.916,1,1,1,0,0,1,0,0,0
1.64733,347,129,1,0,-1,535.689,1,1,1,0,0,1,0,0,0
1.64944,347,128,1,0,-1,547.734,1,1,1,0,0,1,0,0,0
1.65115,347,128,1,0,-1,502.862,1,1,1,0,0,1,0,0,0
1.65318,347,128,1,0,-1,511.361,1,1,1,0,0,1,0,0,0
1.65505,347,128,1,0,-1,522.239,1,1,1,0,0,1,0,0,0
1.6569,348,127,1,0,-1,550.458,1,1,1,0,0,1,0,0,0
1.65882,348,127,1,0,-1,507.422,1,1,1,0,0,1,0,0,0
1.66067,348,127,1,0,-1,514.95,1,1,1,0,0,1,0,0,0
1.66251,348,127,1,0,-1,581.505,1,1,1,0,0,1,0,0,0
1.66446,348,126,1,0,-1,531.611,1,1,1,0,0,1,0,0,0
1.66632,348,126,1,0,-1,514.062,1,1,1,0,0,1,0,0,0
1.66818,348,126,1,0,-1,537.029,1,1,1,0,0,1,0,0,0
1.67007,348,126,1,0,-1,535.793,1,1,1,0,0,1,0,0,0
1.67189,349,126,1,0,-1,520.401,1,1,1,0,0,1,0,0,0
1.67395,349,126,1,0,-1,511.928,1,1,1,0,0,1,0,0,0
1.67571,349,126,1,0,-1,538.53,1,1,1,0,0,1,0,0,0
1.67755,349,126,1,0,-1,578.485,1,1,1,0,0,1,0,0,0
1.67933,349,125,1,0,-1,511.003,1,1,1,0,0,1,0,0,0
1.68148,349,125,1,0,-1,519.396,1,1,1,0,0,1,0,0,0
1.68326,349,125,1,0,-1,533.127,1,1,1,0,0,1,0,0,0
1.68509,349,125,1,0,-1,556.168,1,1,1,0,0,1,0,0,0
1.68739,349,125,1,0,-1,496.46,1,1,1,0,0,1,0,0,0
1.69147,349,125,2,0,-1,496.46,1,1,1,0,0,1,0,0,0
1.69211,349,125,2,0,-1,488.818,1,1,1,0,0,1,0,0,0
1.69269,349,125,2,0,-1,244.984,1,2,3,0,0,2,0,0,0
1.69439,349,125,2,0,-1,783.383,1,2,3,0,0,2,0,0,0
1.69648,349,125,2,0,-1,556.236,1,2,3,0,0,2,0,0,0
1.69814,349,125,2,0,-1,521.828,1,2,3,0,0,2,0,0,0
1.70019,349,125,2,0,-1,521.925,1,2,3,0,0,2,0,0,0
1.702,349,125,2,0,-1,523.953,1,2,3,0,0,2,0,0,0
1.70424,349,125,2,0,-1,497.275,1,2,3,0,0,2,0,0,0
1.70614,349,125,2,0,-1,456.237,1,2,3,0,0,2,0,0,0
1.7081,349,125,2,0,-1,531.424,1,2,3,0,0,2,0,0,0
1.71158,349,125,2,0,-1,329.51,1,2,3,0,0,2,0,0,0
1.71455,349,125,2,0,-1,296.563,1,2,3,0,0,2,0,0,0
1.71633,349,125,2,0,-1,544.734,1,2,3,0,0,2,0,0,0
1.71827,349,125,2,0,-1,531.434,1,2,3,0,0,2,0,0,0
1.72011,349,125,2,0,-1,525.943,1,2,3,0,0,2,0,0,0
1.72192,349,125,2,0,-1,562.664,1,2,3,0,0,2,0,0,0
1.7237,349,125,2,0,-1,550.43,1,2,3,0,0,2,0,0,0
1.7255,349,125,2,0,-1,569.413,1,2,3,0,0,2,0,0,0
1.72735,349,125,2,0,-1,525.167,1,2,3,0,0,2,0,0,0
1.72924,349,125,2,0,-1,542.329,1,2,3,0,0,2,0,0,0
1.73105,349,125,2,0,-1,566.253,1,2,3,0,0,2,0,0,0
1.73283,349,125,2,0,-1,539.832,1,2,3,0,0,2,0,0,0
1.73464,349,125,2,0,-1,539.933,1,2,3,0,0,2,0,0,0
1.7365,349,125,2,0,-1,565.106,1,2,3,0,0,2,0,0,0
1.73831,349,125,2,0,-1,567.117,1,2,3,0,0,2,0,0,0
1.74014,349,125,2,0,-1,528.991,1,2,3,0,0,2,0,0,0
1.74188,349,125,2,0,-1,587.044,1,2,3,0,0,2,0,0,0
1.74379,349,125,2,0,-1,507.772,1,2,3,0,0,2,0,0,0
1.74557,349,125,2,0,-1,550.38,1,2,3,0,0,2,0,0,0
1.74742,349,125,2,0,-1,561.909,1,2,3,0,0,2,0,0,0
1.74927,349,125,2,0,-1,522.959,1,2,3,0,0,2,0,0,0
1.75109,349,125,2,0,-1,558.89,1,2,3,0,0,2,0,0,0
1.75282,349,125,2,0,-1,568.799,1,2,3,0,0,2,0,0,0
1.75479,349,125,2,0,-1,540.058,1,2,3,0,0,2,0,0,0
1.75651,349,125,2,0,-1,584.815,1,2,3,0,0,2,0,0,0
1.75848,349,125,2,0,-1,511.429,1,2,3,0,0,2,0,0,0
1.76016,349,125,2,0,-1,555.488,1,2,3,0,0,2,0,0,0
1.76211,349,125,2,0,-1,544.873,1,2,3,0,0,2,0,0,0
1.76389,349,125,2,0,-1,525.713,1,2,3,0,0,2,0,0,0
1.76567,349,125,2,0,-1,558.895,1,2,3,0,0,2,0,0,0
1.76749,349,125,2,0,-1,555.301,1,2,3,0,0,2,0,0,0
1.76939,349,125,2,0,-1,545.613,1,2,3,0,0,2,0,0,0
1.77112,349,125,2,0,-1,563.335,1,2,3,0,0,2,0,0,0
1.7728,349,125,2,0,-1,587.66,1,2,3,0,0,2,0,0,0
1.7747,349,125,2,0,-1,526.856,1,2,3,0,0,2,0,0,0
1.77645,349,125,2,0,-1,567.998,1,2,3,0,0,2,0,0,0
1.77846,349,125,2,0,-1,523.934,1,2,3,0,0,2,0,0,0
1.78026,349,125,2,0,-1,523.521,1,2,3,0,0,2,0,0,0
1.78218,349,125,2,0,-1,536.675,1,2,3,0,0,2,0,0,0
1.78391,349,125,2,0,-1,537.834,1,2,3,0,0,2,0,0,0
1.78584,349,125,2,0,-1,542.931,1,2,3,0,0,2,0,0,0
1.78768,349,125,2,0,-1,521.598,1,2,3,0,0,2,0,0,0
1.78942,349,125,2,0,-1,599.121,1,2,3,0,0,2,0,0,0
1.79124,349,125,2,0,-1,567.716,1,2,3,0,0,2,0,0,0
1.79311,349,125,2,0,-1,526.356,1,2,3,0,0,2,0,0,0
1.79497,349,125,2,0,-1,532.126,1,2,3,0,0,2,0,0,0
1.79669,349,125,2,0,-1,578.801,1,2,3,0,0,2,0,0,0
1.79853,349,125,2,0,-1,578.213,1,2,3,0,0,2,0,0,0
1.80029,349,125,2,0,-1,556.004,1,2,3,0,0,2,0,0,0
1.80217,349,125,2,0,-1,510.871,1,2,3,0,0,2,0,0,0
1.80404,349,125,2,0,-1,538.451,1,2,3,0,0,2,0,0,0
1.80577,349,125,2,0,-1,572.898,1,2,3,0,0,2,0,0,0
1.80757,349,125,2,0,-1,548.695,1,2,3,0,0,2,0,0,0
1.80941,349,125,2,0,-1,550.37,1,2,3,0,0,2,0,0,0
1.81128,349,125,2,0,-1,541.502,1,2,3,0,0,2,0,0,0
1.81341,349,125,2,0,-1,554.573,1,2,3,0,0,2,0,0,0
1.81484,349,125,2,0,-1,515.005,1,2,3,0,0,2,0,0,0
1.81708,349,125,2,0,-1,502.567,1,2,3,0,0,2,0,0,0
1.81873,349,125,2,0,-1,568.122,1,2,3,0,0,2,0,0,0
1.82064,349,125,2,0,-1,544.421,1,2,3,0,0,2,0,0,0
1.82239,349,125,2,0,-1,557.523,1,2,3,0,0,2,0,0,0
1.82426,349,125,2,0,-1,542.688,1,2,3,0,0,2,0,0,0
1.82612,349,125,2,0,-1,538.017,1,2,3,0,0,2,0,0,0
1.82793,349,125,2,0,-1,562.832,1,2,3,0,0,2,0,0,0
1.82975,349,125,2,0,-1,538.537,1,2,3,0,0,2,0,0,0
1.83157,349,125,2,0,-1,530.273,1,2,3,0,0,2,0,0,0
1.83343,349,125,2,0,-1,555.151,1,2,3,0,0,2,0,0,0
1.83524,349,125,2,0,-1,556.768,1,2,3,0,0,2,0,0,0
1.83706,349,125,2,0,-1,556.981,1,2,3,0,0,2,0,0,0
1.83882,349,125,2,0,-1,544.118,1,2,3,0,0,2,0,0,0
1.84063,349,125,2,0,-1,545.207,1,2,3,0,0,2,0,0,0
1.84246,349,125,2,0,-1,571.088,1,2,3,0,0,2,0,0,0
1.84437,349,125,2,0,-1,536.153,1,2,3,0,0,2,0,0,0
1.84628,349,125,2,0,-1,516.864,1,2,3,0,0,2,0,0,0
1.84818,349,125,2,0,-1,520.466,1,2,3,0,0,2,0,0,0
1.85034,349,125,2,0,-1,510.942,1,2,3,0,0,2,0,0,0
1.85198,349,125,2,0,-1,496.417,1,2,3,0,0,2,0,0,0
1.85413,349,125,2,0,-1,520.708,1,2,3,0,0,2,0,0,0
1.85579,349,125,2,0,-1,544.02,1,2,3,0,0,2,0,0,0
1.85774,349,125,2,0,-1,555.652,1,2,3,0,0,2,0,0,0
1.85949,349,125,2,0,-1,536.271,1,2,3,0,0,2,0,0,0
1.86151,349,125,2,0,-1,528.181,1,2,3,0,0,2,0,0,0
1.86337,349,125,2,0,-1,525.723,1,2,3,0,0,2,0,0,0
1.86518,349,125,2,0,-1,568.039,1,2,3,0,0,2,0,0,0
1.86697,349,125,2,0,-1,539.336,1,2,3,0,0,2,0,0,0
1.86893,349,125,2,0,-1,537.438,1,2,3,0,0,2,0,0,0
1.87079,349,125,2,0,-1,511.004,1,2,3,0,0,2,0,0,0
1.87263,349,125,2,0,-1,569.152,1,2,3,0,0,2,0,0,0
1.87445,349,125,2,0,-1,519.502,1,2,3,0,0,2,0,0,0
1.87652,349,125,2,0,-1,522.291,1,2,3,0,0,2,0,0,0
1.87836,349,125,2,0,-1,509.361,1,2,3,0,0,2,0,0,0
1.88022,349,125,2,0,-1,578.595,1,2,3,0,0,2,0,0,0
1.88198,349,125,2,0,-1,513.451,1,2,3,0,0,2,0,0,0
1.88395,349,125,2,0,-1,517.608,1,2,3,0,0,2,0,0,0
1.88569,349,125,2,0,-1,554.635,1,2,3,0,0,2,0,0,0
1.88753,349,125,2,0,-1,575.176,1,2,3,0,0,2,0,0,0
1.88932,349,125,2,0,-1,533.8,1,2,3,0,0,2,0,0,0
1.89147,349,125,2,0,-1,506.578,1,2,3,0,0,2,0,0,0
1.89333,349,125,2,0,-1,505.617,1,2,3,0,0,2,0,0,0
1.89515,349,125,2,0,-1,570.032,1,2,3,0,0,2,0,0,0
1.89696,349,125,2,0,-1,524.645,1,2,3,0,0,2,0,0,0
1.89883,349,125,2,0,-1,527.175,1,2,3,0,0,2,0,0,0
1.90072,349,125,2,0,-1,533.831,1,2,3,0,0,2,0,0,0
1.90252,349,125,2,0,-1,569.297,1,2,3,0,0,2,0,0,0
1.90438,349,125,2,0,-1,521.836,1,2,3,0,0,2,0,0,0
1.90645,349,125,2,0,-1,531.121,1,2,3,0,0,2,0,0,0
1.9083,349,125,2,0,-1,506.609,1,2,3,0,0,2,0,0,0
1.91007,349,125,2,0,-1,574.332,1,2,3,0,0,2,0,0,0
1.91188,349,125,2,0,-1,533.561,1,2,3,0,0,2,0,0,0
1.91379,349,125,2,0,-1,525.462,1,2,3,0,0,2,0,0,0
1.91563,349,125,2,0,-1,527.848,1,2,3,0,0,2,0,0,0
1.91756,349,125,2,0,-1,579.826,1,2,3,0,0,2,0,0,0
1.91936,349,125,2,0,-1,498.241,1,2,3,0,0,2,0,0,0
1.92153,349,125,2,0,-1,511.812,1,2,3,0,0,2,0,0,0
1.92338,349,125,2,0,-1,502.779,1,2,3,0,0,2,0,0,0
1.92528,349,125,2,0,-1,566.549,1,2,3,0,0,2,0,0,0
1.92703,349,125,2,0,-1,505.842,1,2,3,0,0,2,0,0,0
1.92894,349,125,2,0,-1,544.958,1,2,3,0,0,2,0,0,0
1.93072,349,125,2,0,-1,549.234,1,2,3,0,0,2,0,0,0
1.9325,349,125,2,0,-1,587.364,1,2,3,0,0,2,0,0,0
1.93434,349,125,2,0,-1,519.813,1,2,3,0,0,2,0,0,0
1.93647,349,125,2,0,-1,515.162,1,2,3,0,0,2,0,0,0
1.93832,349,125,2,0,-1,508.521,1,2,3,0,0,2,0,0,0
1.94011,349,125,2,0,-1,568.449,1,2,3,0,0,2,0,0,0
1.94193,343,125,2,0,-1,468.655,1,2,3,0,0,2,0,0,0
1.94399,343,125,2,0,-1,596.673,1,2,3,0,0,2,0,0,0
1.94577,343,125,2,0,-1,519.852,1,2,3,0,0,2,0,0,0
1.94761,343,125,2,0,-1,554.38,1,2,3,0,0,2,0,0,0
1.94948,334,125,2,0,-1,467.318,1,2,3,0,0,2,0,0,0
1.95166,334,125,2,0,-1,564.604,1,2,3,0,0,2,0,0,0
1.95349,334,125,2,0,-1,487.817,1,2,3,0,0,2,0,0,0
1.95563,325,125,2,0,-1,602.524,1,2,3,0,0,2,0,0,0
1.95713,325,125,2,0,-1,502.512,1,2,3,0,0,2,0,0,0
1.9593,325,125,2,0,-1,497.658,1,2,3,0,0,2,0,0,0
1.96104,325,125,2,0,-1,530.2,1,2,3,0,0,2,0,0,0
1.96326,316,125,2,0,-1,553.626,1,2,3,0,0,2,0,0,0
1.9647,316,125,2,0,-1,524.391,1,2,3,0,0,2,0,0,0
1.96681,316,125,2,0,-1,507.383,1,2,3,0,0,2,0,0,0
1.96862,316,125,2,0,-1,525.785,1,2,3,0,0,2,0,0,0
1.97062,307,125,2,0,-1,589.913,1,2,3,0,0,2,0,0,0
1.97217,307,125,2,0,-1,563.202,1,2,3,0,0,2,0,0,0
1.97441,307,125,2,0,-1,465.413,1,2,3,0,0,2,0,0,0
1.97626,307,125,2,0,-1,518.85,1,2,3,0,0,2,0,0,0
1.97837,297,125,2,0,-1,561.643,1,2,3,0,0,2,0,0,0
1.97998,297,125,2,0,-1,519.489,1,2,3,0,0,2,0,0,0
1.98202,297,125,2,0,-1,491.421,1,2,3,0,0,2,0,0,0
1.98365,297,125,2,0,-1,599.553,1,2,3,0,0,2,0,0,0
1.98588,288,125,2,0,-1,525.125,1,2,3,0,0,2,0,0,0
1.98741,288,125,2,0,-1,523.179,1,2,3,0,0,2,0,0,0
1.9896,288,125,2,0,-1,491.825,1,2,3,0,0,2,0,0,0
1.99147,288,125,2,0,-1,514.984,1,2,3,0,0,2,0,0,0
1.99352,279,125,2,0,-1,569.211,1,2,3,0,0,2,0,0,0
1.99501,279,125,2,0,-1,543.785,1,2,3,0,0,2,0,0,0
1.9973,279,125,2,0,-1,463.689,1,2,3,0,0,2,0,0,0
1.99916,279,125,2,0,-1,498.393,1,2,3,0,0,2,0,0,0
2.00114,272,125,2,0,-1,570.057,1,2,3,0,0,2,0,0,0
2.00276,272,125,2,0,-1,524.625,1,2,3,0,0,2,0,0,0
2.005,272,125,2,0,-1,518.286,1,2,3,0,0,2,0,0,0
2.00682,272,125,2,0,-1,505.841,1,2,3,0,0,2,0,0,0
2.00946,266,126,2,0,-1,571.669,1,2,3,0,0,2,0,0,0
2.01071,266,126,2,0,-1,397.781,1,2,3,0,0,2,0,0,0
2.01248,266,126,2,0,-1,677.971,1,2,3,0,0,2,0,0,0
2.01434,266,126,2,0,-1,544.019,1,2,3,0,0,2,0,0,0
2.01659,261,126,2,0,-1,557.981,1,2,3,0,0,2,0,0,0
2.01811,261,126,2,0,-1,504.487,1,2,3,0,0,2,0,0,0
2.02036,261,126,2,0,-1,474.948,1,2,3,0,0,2,0,0,0
2.02196,261,126,2,0,-1,550.296,1,2,3,0,0,2,0,0,0
2.02415,257,126,2,0,-1,484.404,1,2,3,0,0,2,0,0,0
2.02593,257,126,2,0,-1,554.033,1,2,3,0,0,2,0,0,0
2.02776,257,126,2,0,-1,532.264,1,2,3,0,0,2,0,0,0
2.02971,257,126,2,0,-1,518.192,1,2,3,0,0,2,0,0,0
2.03159,253,126,2,0,-1,488.045,1,2,3,0,0,2,0,0,0
2.03353,253,126,2,0,-1,584.706,1,2,3,0,0,2,0,0,0
2.03553,253,126,2,0,-1,530.984,1,2,3,0,0,2,0,0,0
2.03732,253,126,2,0,-1,499.437,1,2,3,0,0,2,0,0,0
2.03909,251,126,2,0,-1,496.251,1,2,3,0,0,2,0,0,0
2.04138,251,126,2,0,-1,530.99,1,2,3,0,0,2,0,0,0
2.04322,251,126,2,0,-1,511.642,1,2,3,0,0,2,0,0,0
2.04499,251,126,2,0,-1,573.964,1,2,3,0,0,2,0,0,0
2.04682,249,126,2,0,-1,459.732,1,2,3,0,0,2,0,0,0
2.04911,249,126,2,0,-1,537.621,1,2,3,0,0,2,0,0,0
2.05095,249,126,2,0,-1,498.47,1,2,3,0,0,2,0,0,0
2.05309,247,126,2,0,-1,581.934,1,2,3,0,0,2,0,0,0
2.05454,247,126,2,0,-1,520.142,1,2,3,0,0,2,0,0,0
2.05664,247,126,2,0,-1,504.242,1,2,3,0,0,2,0,0,0
2.05855,247,126,2,0,-1,531.801,1,2,3,0,0,2,0,0,0
2.06051,246,126,2,0,-1,551.647,1,2,3,0,0,2,0,0,0
2.06226,246,126,2,0,-1,527.727,1,2,3,0,0,2,0,0,0
2.06413,246,126,2,0,-1,532.585,1,2,3,0,0,2,0,0,0
2.06592,246,126,2,0,-1,544.958,1,2,3,0,0,2,0,0,0
2.06778,246,126,2,0,-1,552.561,1,2,3,0,0,2,0,0,0
2.06966,245,126,2,0,-1,499.927,1,2,3,0,0,2,0,0,0
2.0717,245,126,2,0,-1,546.505,1,2,3,0,0,2,0,0,0
2.07332,245,126,2,0,-1,592.643,1,2,3,0,0,2,0,0,0
2.07567,244,126,2,0,-1,502.649,1,2,3,0,0,2,0,0,0
2.07721,244,126,2,0,-1,498.761,1,2,3,0,0,2,0,0,0
2.07929,244,126,2,0,-1,511.916,1,2,3,0,0,2,0,0,0
2.0811,244,126,2,0,-1,531.499,1,2,3,0,0,2,0,0,0
2.08321,243,126,2,0,-1,559.206,1,2,3,0,0,2,0,0,0
2.08464,243,126,2,0,-1,518.393,1,2,3,0,0,2,0,0,0
2.08678,243,126,2,0,-1,505.017,1,2,3,0,0,2,0,0,0
2.08858,243